
  .   ____          _            __ _ _
 /\\ / ___'_ __ _ _(_)_ __  __ _ \ \ \ \
( ( )\___ | '_ | '_| | '_ \/ _` | \ \ \ \
 \\/  ___)| |_)| | | | | || (_| |  ) ) ) )
  '  |____| .__|_| |_|_| |_\__, | / / / /
 =========|_|==============|___/=/_/_/_/

 :: Spring Boot ::                (v3.5.5)

2025-11-05T13:34:55.614+05:30  INFO 40715 --- [           main] c.A.AuthService.AuthServiceApplication   : Starting AuthServiceApplication v0.0.1-SNAPSHOT using Java 21.0.8 with PID 40715 (/home/ravindra162/Desktop/prepNow/AuthService/target/AuthService-0.0.1-SNAPSHOT.jar started by ravindra162 in /home/ravindra162/Desktop/prepNow/AuthService)
2025-11-05T13:34:55.617+05:30  INFO 40715 --- [           main] c.A.AuthService.AuthServiceApplication   : No active profile set, falling back to 1 default profile: "default"
2025-11-05T13:34:56.672+05:30  INFO 40715 --- [           main] .s.d.r.c.RepositoryConfigurationDelegate : Bootstrapping Spring Data JPA repositories in DEFAULT mode.
2025-11-05T13:34:56.758+05:30  INFO 40715 --- [           main] .s.d.r.c.RepositoryConfigurationDelegate : Finished Spring Data repository scanning in 73 ms. Found 1 JPA repository interface.
2025-11-05T13:34:57.536+05:30  INFO 40715 --- [           main] o.s.b.w.embedded.tomcat.TomcatWebServer  : Tomcat initialized with port 8080 (http)
2025-11-05T13:34:57.554+05:30  INFO 40715 --- [           main] o.apache.catalina.core.StandardService   : Starting service [Tomcat]
2025-11-05T13:34:57.555+05:30  INFO 40715 --- [           main] o.apache.catalina.core.StandardEngine    : Starting Servlet engine: [Apache Tomcat/10.1.44]
2025-11-05T13:34:57.586+05:30  INFO 40715 --- [           main] o.a.c.c.C.[Tomcat].[localhost].[/]       : Initializing Spring embedded WebApplicationContext
2025-11-05T13:34:57.587+05:30  INFO 40715 --- [           main] w.s.c.ServletWebServerApplicationContext : Root WebApplicationContext: initialization completed in 1915 ms
2025-11-05T13:34:57.766+05:30  INFO 40715 --- [           main] o.hibernate.jpa.internal.util.LogHelper  : HHH000204: Processing PersistenceUnitInfo [name: default]
2025-11-05T13:34:57.832+05:30  INFO 40715 --- [           main] org.hibernate.Version                    : HHH000412: Hibernate ORM core version 6.6.26.Final
2025-11-05T13:34:57.871+05:30  INFO 40715 --- [           main] o.h.c.internal.RegionFactoryInitiator    : HHH000026: Second-level cache disabled
2025-11-05T13:34:58.194+05:30  INFO 40715 --- [           main] o.s.o.j.p.SpringPersistenceUnitInfo      : No LoadTimeWeaver setup: ignoring JPA class transformer
2025-11-05T13:34:58.229+05:30  INFO 40715 --- [           main] com.zaxxer.hikari.HikariDataSource       : HikariPool-1 - Starting...
2025-11-05T13:34:58.463+05:30  INFO 40715 --- [           main] com.zaxxer.hikari.pool.HikariPool        : HikariPool-1 - Added connection org.postgresql.jdbc.PgConnection@18989e0
2025-11-05T13:34:58.464+05:30  INFO 40715 --- [           main] com.zaxxer.hikari.HikariDataSource       : HikariPool-1 - Start completed.
2025-11-05T13:34:58.497+05:30  WARN 40715 --- [           main] org.hibernate.orm.deprecation            : HHH90000025: PostgreSQLDialect does not need to be specified explicitly using 'hibernate.dialect' (remove the property setting and it will be selected by default)
2025-11-05T13:34:58.517+05:30  INFO 40715 --- [           main] org.hibernate.orm.connections.pooling    : HHH10001005: Database info:
	Database JDBC URL [Connecting through datasource 'HikariDataSource (HikariPool-1)']
	Database driver: undefined/unknown
	Database version: 16.10
	Autocommit mode: undefined/unknown
	Isolation level: undefined/unknown
	Minimum pool size: undefined/unknown
	Maximum pool size: undefined/unknown
2025-11-05T13:34:59.586+05:30  INFO 40715 --- [           main] o.h.e.t.j.p.i.JtaPlatformInitiator       : HHH000489: No JTA platform available (set 'hibernate.transaction.jta.platform' to enable JTA platform integration)
Hibernate: 
    alter table if exists users 
       alter column first_name set data type varchar(255)
2025-11-05T13:34:59.640+05:30  WARN 40715 --- [           main] com.zaxxer.hikari.pool.ProxyConnection   : HikariPool-1 - Connection org.postgresql.jdbc.PgConnection@18989e0 marked as broken because of SQLSTATE(0A000), ErrorCode(0)

org.postgresql.util.PSQLException: ERROR: cannot alter type of a column used by a view or rule
  Detail: rule _RETURN on view v_admin_users depends on column "first_name"
	at org.postgresql.core.v3.QueryExecutorImpl.receiveErrorResponse(QueryExecutorImpl.java:2734) ~[postgresql-42.7.7.jar!/:42.7.7]
	at org.postgresql.core.v3.QueryExecutorImpl.processResults(QueryExecutorImpl.java:2421) ~[postgresql-42.7.7.jar!/:42.7.7]
	at org.postgresql.core.v3.QueryExecutorImpl.execute(QueryExecutorImpl.java:372) ~[postgresql-42.7.7.jar!/:42.7.7]
	at org.postgresql.jdbc.PgStatement.executeInternal(PgStatement.java:518) ~[postgresql-42.7.7.jar!/:42.7.7]
	at org.postgresql.jdbc.PgStatement.execute(PgStatement.java:435) ~[postgresql-42.7.7.jar!/:42.7.7]
	at org.postgresql.jdbc.PgStatement.executeWithFlags(PgStatement.java:357) ~[postgresql-42.7.7.jar!/:42.7.7]
	at org.postgresql.jdbc.PgStatement.executeCachedSql(PgStatement.java:342) ~[postgresql-42.7.7.jar!/:42.7.7]
	at org.postgresql.jdbc.PgStatement.executeWithFlags(PgStatement.java:318) ~[postgresql-42.7.7.jar!/:42.7.7]
	at org.postgresql.jdbc.PgStatement.execute(PgStatement.java:313) ~[postgresql-42.7.7.jar!/:42.7.7]
	at com.zaxxer.hikari.pool.ProxyStatement.execute(ProxyStatement.java:95) ~[HikariCP-6.3.2.jar!/:na]
	at com.zaxxer.hikari.pool.HikariProxyStatement.execute(HikariProxyStatement.java) ~[HikariCP-6.3.2.jar!/:na]
	at org.hibernate.tool.schema.internal.exec.GenerationTargetToDatabase.accept(GenerationTargetToDatabase.java:80) ~[hibernate-core-6.6.26.Final.jar!/:6.6.26.Final]
	at org.hibernate.tool.schema.internal.AbstractSchemaMigrator.applySqlString(AbstractSchemaMigrator.java:576) ~[hibernate-core-6.6.26.Final.jar!/:6.6.26.Final]
	at org.hibernate.tool.schema.internal.AbstractSchemaMigrator.applySqlStrings(AbstractSchemaMigrator.java:516) ~[hibernate-core-6.6.26.Final.jar!/:6.6.26.Final]
	at org.hibernate.tool.schema.internal.AbstractSchemaMigrator.migrateTable(AbstractSchemaMigrator.java:334) ~[hibernate-core-6.6.26.Final.jar!/:6.6.26.Final]
	at org.hibernate.tool.schema.internal.GroupedSchemaMigratorImpl.performTablesMigration(GroupedSchemaMigratorImpl.java:84) ~[hibernate-core-6.6.26.Final.jar!/:6.6.26.Final]
	at org.hibernate.tool.schema.internal.AbstractSchemaMigrator.performMigration(AbstractSchemaMigrator.java:233) ~[hibernate-core-6.6.26.Final.jar!/:6.6.26.Final]
	at org.hibernate.tool.schema.internal.AbstractSchemaMigrator.doMigration(AbstractSchemaMigrator.java:112) ~[hibernate-core-6.6.26.Final.jar!/:6.6.26.Final]
	at org.hibernate.tool.schema.spi.SchemaManagementToolCoordinator.performDatabaseAction(SchemaManagementToolCoordinator.java:280) ~[hibernate-core-6.6.26.Final.jar!/:6.6.26.Final]
	at org.hibernate.tool.schema.spi.SchemaManagementToolCoordinator.lambda$process$5(SchemaManagementToolCoordinator.java:144) ~[hibernate-core-6.6.26.Final.jar!/:6.6.26.Final]
	at java.base/java.util.HashMap.forEach(HashMap.java:1429) ~[na:na]
	at org.hibernate.tool.schema.spi.SchemaManagementToolCoordinator.process(SchemaManagementToolCoordinator.java:141) ~[hibernate-core-6.6.26.Final.jar!/:6.6.26.Final]
	at org.hibernate.boot.internal.SessionFactoryObserverForSchemaExport.sessionFactoryCreated(SessionFactoryObserverForSchemaExport.java:37) ~[hibernate-core-6.6.26.Final.jar!/:6.6.26.Final]
	at org.hibernate.internal.SessionFactoryObserverChain.sessionFactoryCreated(SessionFactoryObserverChain.java:35) ~[hibernate-core-6.6.26.Final.jar!/:6.6.26.Final]
	at org.hibernate.internal.SessionFactoryImpl.<init>(SessionFactoryImpl.java:324) ~[hibernate-core-6.6.26.Final.jar!/:6.6.26.Final]
	at org.hibernate.boot.internal.SessionFactoryBuilderImpl.build(SessionFactoryBuilderImpl.java:463) ~[hibernate-core-6.6.26.Final.jar!/:6.6.26.Final]
	at org.hibernate.jpa.boot.internal.EntityManagerFactoryBuilderImpl.build(EntityManagerFactoryBuilderImpl.java:1517) ~[hibernate-core-6.6.26.Final.jar!/:6.6.26.Final]
	at org.springframework.orm.jpa.vendor.SpringHibernateJpaPersistenceProvider.createContainerEntityManagerFactory(SpringHibernateJpaPersistenceProvider.java:66) ~[spring-orm-6.2.10.jar!/:6.2.10]
	at org.springframework.orm.jpa.LocalContainerEntityManagerFactoryBean.createNativeEntityManagerFactory(LocalContainerEntityManagerFactoryBean.java:390) ~[spring-orm-6.2.10.jar!/:6.2.10]
	at org.springframework.orm.jpa.AbstractEntityManagerFactoryBean.buildNativeEntityManagerFactory(AbstractEntityManagerFactoryBean.java:419) ~[spring-orm-6.2.10.jar!/:6.2.10]
	at org.springframework.orm.jpa.AbstractEntityManagerFactoryBean.afterPropertiesSet(AbstractEntityManagerFactoryBean.java:400) ~[spring-orm-6.2.10.jar!/:6.2.10]
	at org.springframework.orm.jpa.LocalContainerEntityManagerFactoryBean.afterPropertiesSet(LocalContainerEntityManagerFactoryBean.java:366) ~[spring-orm-6.2.10.jar!/:6.2.10]
	at org.springframework.beans.factory.support.AbstractAutowireCapableBeanFactory.invokeInitMethods(AbstractAutowireCapableBeanFactory.java:1873) ~[spring-beans-6.2.10.jar!/:6.2.10]
	at org.springframework.beans.factory.support.AbstractAutowireCapableBeanFactory.initializeBean(AbstractAutowireCapableBeanFactory.java:1822) ~[spring-beans-6.2.10.jar!/:6.2.10]
	at org.springframework.beans.factory.support.AbstractAutowireCapableBeanFactory.doCreateBean(AbstractAutowireCapableBeanFactory.java:607) ~[spring-beans-6.2.10.jar!/:6.2.10]
	at org.springframework.beans.factory.support.AbstractAutowireCapableBeanFactory.createBean(AbstractAutowireCapableBeanFactory.java:529) ~[spring-beans-6.2.10.jar!/:6.2.10]
	at org.springframework.beans.factory.support.AbstractBeanFactory.lambda$doGetBean$0(AbstractBeanFactory.java:339) ~[spring-beans-6.2.10.jar!/:6.2.10]
	at org.springframework.beans.factory.support.DefaultSingletonBeanRegistry.getSingleton(DefaultSingletonBeanRegistry.java:373) ~[spring-beans-6.2.10.jar!/:6.2.10]
	at org.springframework.beans.factory.support.AbstractBeanFactory.doGetBean(AbstractBeanFactory.java:337) ~[spring-beans-6.2.10.jar!/:6.2.10]
	at org.springframework.beans.factory.support.AbstractBeanFactory.getBean(AbstractBeanFactory.java:202) ~[spring-beans-6.2.10.jar!/:6.2.10]
	at org.springframework.beans.factory.support.BeanDefinitionValueResolver.resolveReference(BeanDefinitionValueResolver.java:365) ~[spring-beans-6.2.10.jar!/:6.2.10]
	at org.springframework.beans.factory.support.BeanDefinitionValueResolver.resolveValueIfNecessary(BeanDefinitionValueResolver.java:135) ~[spring-beans-6.2.10.jar!/:6.2.10]
	at org.springframework.beans.factory.support.ConstructorResolver.resolveConstructorArguments(ConstructorResolver.java:691) ~[spring-beans-6.2.10.jar!/:6.2.10]
	at org.springframework.beans.factory.support.ConstructorResolver.instantiateUsingFactoryMethod(ConstructorResolver.java:513) ~[spring-beans-6.2.10.jar!/:6.2.10]
	at org.springframework.beans.factory.support.AbstractAutowireCapableBeanFactory.instantiateUsingFactoryMethod(AbstractAutowireCapableBeanFactory.java:1375) ~[spring-beans-6.2.10.jar!/:6.2.10]
	at org.springframework.beans.factory.support.AbstractAutowireCapableBeanFactory.createBeanInstance(AbstractAutowireCapableBeanFactory.java:1205) ~[spring-beans-6.2.10.jar!/:6.2.10]
	at org.springframework.beans.factory.support.AbstractAutowireCapableBeanFactory.doCreateBean(AbstractAutowireCapableBeanFactory.java:569) ~[spring-beans-6.2.10.jar!/:6.2.10]
	at org.springframework.beans.factory.support.AbstractAutowireCapableBeanFactory.createBean(AbstractAutowireCapableBeanFactory.java:529) ~[spring-beans-6.2.10.jar!/:6.2.10]
	at org.springframework.beans.factory.support.AbstractBeanFactory.lambda$doGetBean$0(AbstractBeanFactory.java:339) ~[spring-beans-6.2.10.jar!/:6.2.10]
	at org.springframework.beans.factory.support.DefaultSingletonBeanRegistry.getSingleton(DefaultSingletonBeanRegistry.java:373) ~[spring-beans-6.2.10.jar!/:6.2.10]
	at org.springframework.beans.factory.support.AbstractBeanFactory.doGetBean(AbstractBeanFactory.java:337) ~[spring-beans-6.2.10.jar!/:6.2.10]
	at org.springframework.beans.factory.support.AbstractBeanFactory.getBean(AbstractBeanFactory.java:202) ~[spring-beans-6.2.10.jar!/:6.2.10]
	at org.springframework.beans.factory.support.BeanDefinitionValueResolver.resolveReference(BeanDefinitionValueResolver.java:365) ~[spring-beans-6.2.10.jar!/:6.2.10]
	at org.springframework.beans.factory.support.BeanDefinitionValueResolver.resolveValueIfNecessary(BeanDefinitionValueResolver.java:135) ~[spring-beans-6.2.10.jar!/:6.2.10]
	at org.springframework.beans.factory.support.AbstractAutowireCapableBeanFactory.applyPropertyValues(AbstractAutowireCapableBeanFactory.java:1725) ~[spring-beans-6.2.10.jar!/:6.2.10]
	at org.springframework.beans.factory.support.AbstractAutowireCapableBeanFactory.populateBean(AbstractAutowireCapableBeanFactory.java:1474) ~[spring-beans-6.2.10.jar!/:6.2.10]
	at org.springframework.beans.factory.support.AbstractAutowireCapableBeanFactory.doCreateBean(AbstractAutowireCapableBeanFactory.java:606) ~[spring-beans-6.2.10.jar!/:6.2.10]
	at org.springframework.beans.factory.support.AbstractAutowireCapableBeanFactory.createBean(AbstractAutowireCapableBeanFactory.java:529) ~[spring-beans-6.2.10.jar!/:6.2.10]
	at org.springframework.beans.factory.support.AbstractBeanFactory.lambda$doGetBean$0(AbstractBeanFactory.java:339) ~[spring-beans-6.2.10.jar!/:6.2.10]
	at org.springframework.beans.factory.support.DefaultSingletonBeanRegistry.getSingleton(DefaultSingletonBeanRegistry.java:373) ~[spring-beans-6.2.10.jar!/:6.2.10]
	at org.springframework.beans.factory.support.AbstractBeanFactory.doGetBean(AbstractBeanFactory.java:337) ~[spring-beans-6.2.10.jar!/:6.2.10]
	at org.springframework.beans.factory.support.AbstractBeanFactory.getBean(AbstractBeanFactory.java:202) ~[spring-beans-6.2.10.jar!/:6.2.10]
	at org.springframework.beans.factory.config.DependencyDescriptor.resolveCandidate(DependencyDescriptor.java:254) ~[spring-beans-6.2.10.jar!/:6.2.10]
	at org.springframework.beans.factory.support.DefaultListableBeanFactory.doResolveDependency(DefaultListableBeanFactory.java:1752) ~[spring-beans-6.2.10.jar!/:6.2.10]
	at org.springframework.beans.factory.support.DefaultListableBeanFactory.resolveDependency(DefaultListableBeanFactory.java:1635) ~[spring-beans-6.2.10.jar!/:6.2.10]
	at org.springframework.beans.factory.support.ConstructorResolver.resolveAutowiredArgument(ConstructorResolver.java:913) ~[spring-beans-6.2.10.jar!/:6.2.10]
	at org.springframework.beans.factory.support.ConstructorResolver.createArgumentArray(ConstructorResolver.java:791) ~[spring-beans-6.2.10.jar!/:6.2.10]
	at org.springframework.beans.factory.support.ConstructorResolver.autowireConstructor(ConstructorResolver.java:240) ~[spring-beans-6.2.10.jar!/:6.2.10]
	at org.springframework.beans.factory.support.AbstractAutowireCapableBeanFactory.autowireConstructor(AbstractAutowireCapableBeanFactory.java:1395) ~[spring-beans-6.2.10.jar!/:6.2.10]
	at org.springframework.beans.factory.support.AbstractAutowireCapableBeanFactory.createBeanInstance(AbstractAutowireCapableBeanFactory.java:1232) ~[spring-beans-6.2.10.jar!/:6.2.10]
	at org.springframework.beans.factory.support.AbstractAutowireCapableBeanFactory.doCreateBean(AbstractAutowireCapableBeanFactory.java:569) ~[spring-beans-6.2.10.jar!/:6.2.10]
	at org.springframework.beans.factory.support.AbstractAutowireCapableBeanFactory.createBean(AbstractAutowireCapableBeanFactory.java:529) ~[spring-beans-6.2.10.jar!/:6.2.10]
	at org.springframework.beans.factory.support.AbstractBeanFactory.lambda$doGetBean$0(AbstractBeanFactory.java:339) ~[spring-beans-6.2.10.jar!/:6.2.10]
	at org.springframework.beans.factory.support.DefaultSingletonBeanRegistry.getSingleton(DefaultSingletonBeanRegistry.java:373) ~[spring-beans-6.2.10.jar!/:6.2.10]
	at org.springframework.beans.factory.support.AbstractBeanFactory.doGetBean(AbstractBeanFactory.java:337) ~[spring-beans-6.2.10.jar!/:6.2.10]
	at org.springframework.beans.factory.support.AbstractBeanFactory.getBean(AbstractBeanFactory.java:202) ~[spring-beans-6.2.10.jar!/:6.2.10]
	at org.springframework.beans.factory.support.DefaultListableBeanFactory.doResolveDependency(DefaultListableBeanFactory.java:1690) ~[spring-beans-6.2.10.jar!/:6.2.10]
	at org.springframework.beans.factory.support.DefaultListableBeanFactory.resolveDependency(DefaultListableBeanFactory.java:1635) ~[spring-beans-6.2.10.jar!/:6.2.10]
	at org.springframework.beans.factory.support.ConstructorResolver.resolveAutowiredArgument(ConstructorResolver.java:913) ~[spring-beans-6.2.10.jar!/:6.2.10]
	at org.springframework.beans.factory.support.ConstructorResolver.createArgumentArray(ConstructorResolver.java:791) ~[spring-beans-6.2.10.jar!/:6.2.10]
	at org.springframework.beans.factory.support.ConstructorResolver.autowireConstructor(ConstructorResolver.java:240) ~[spring-beans-6.2.10.jar!/:6.2.10]
	at org.springframework.beans.factory.support.AbstractAutowireCapableBeanFactory.autowireConstructor(AbstractAutowireCapableBeanFactory.java:1395) ~[spring-beans-6.2.10.jar!/:6.2.10]
	at org.springframework.beans.factory.support.AbstractAutowireCapableBeanFactory.createBeanInstance(AbstractAutowireCapableBeanFactory.java:1232) ~[spring-beans-6.2.10.jar!/:6.2.10]
	at org.springframework.beans.factory.support.AbstractAutowireCapableBeanFactory.doCreateBean(AbstractAutowireCapableBeanFactory.java:569) ~[spring-beans-6.2.10.jar!/:6.2.10]
	at org.springframework.beans.factory.support.AbstractAutowireCapableBeanFactory.createBean(AbstractAutowireCapableBeanFactory.java:529) ~[spring-beans-6.2.10.jar!/:6.2.10]
	at org.springframework.beans.factory.support.AbstractBeanFactory.lambda$doGetBean$0(AbstractBeanFactory.java:339) ~[spring-beans-6.2.10.jar!/:6.2.10]
	at org.springframework.beans.factory.support.DefaultSingletonBeanRegistry.getSingleton(DefaultSingletonBeanRegistry.java:373) ~[spring-beans-6.2.10.jar!/:6.2.10]
	at org.springframework.beans.factory.support.AbstractBeanFactory.doGetBean(AbstractBeanFactory.java:337) ~[spring-beans-6.2.10.jar!/:6.2.10]
	at org.springframework.beans.factory.support.AbstractBeanFactory.getBean(AbstractBeanFactory.java:207) ~[spring-beans-6.2.10.jar!/:6.2.10]
	at org.springframework.boot.web.servlet.ServletContextInitializerBeans.getOrderedBeansOfType(ServletContextInitializerBeans.java:230) ~[spring-boot-3.5.5.jar!/:3.5.5]
	at org.springframework.boot.web.servlet.ServletContextInitializerBeans.addAsRegistrationBean(ServletContextInitializerBeans.java:184) ~[spring-boot-3.5.5.jar!/:3.5.5]
	at org.springframework.boot.web.servlet.ServletContextInitializerBeans.addAsRegistrationBean(ServletContextInitializerBeans.java:179) ~[spring-boot-3.5.5.jar!/:3.5.5]
	at org.springframework.boot.web.servlet.ServletContextInitializerBeans.addAdaptableBeans(ServletContextInitializerBeans.java:164) ~[spring-boot-3.5.5.jar!/:3.5.5]
	at org.springframework.boot.web.servlet.ServletContextInitializerBeans.<init>(ServletContextInitializerBeans.java:96) ~[spring-boot-3.5.5.jar!/:3.5.5]
	at org.springframework.boot.web.servlet.context.ServletWebServerApplicationContext.getServletContextInitializerBeans(ServletWebServerApplicationContext.java:271) ~[spring-boot-3.5.5.jar!/:3.5.5]
	at org.springframework.boot.web.servlet.context.ServletWebServerApplicationContext.selfInitialize(ServletWebServerApplicationContext.java:245) ~[spring-boot-3.5.5.jar!/:3.5.5]
	at org.springframework.boot.web.embedded.tomcat.TomcatStarter.onStartup(TomcatStarter.java:52) ~[spring-boot-3.5.5.jar!/:3.5.5]
	at org.apache.catalina.core.StandardContext.startInternal(StandardContext.java:4464) ~[tomcat-embed-core-10.1.44.jar!/:na]
	at org.apache.catalina.util.LifecycleBase.start(LifecycleBase.java:164) ~[tomcat-embed-core-10.1.44.jar!/:na]
	at org.apache.catalina.core.ContainerBase$StartChild.call(ContainerBase.java:1203) ~[tomcat-embed-core-10.1.44.jar!/:na]
	at org.apache.catalina.core.ContainerBase$StartChild.call(ContainerBase.java:1193) ~[tomcat-embed-core-10.1.44.jar!/:na]
	at java.base/java.util.concurrent.FutureTask.run(FutureTask.java:317) ~[na:na]
	at org.apache.tomcat.util.threads.InlineExecutorService.execute(InlineExecutorService.java:75) ~[tomcat-embed-core-10.1.44.jar!/:na]
	at java.base/java.util.concurrent.AbstractExecutorService.submit(AbstractExecutorService.java:145) ~[na:na]
	at org.apache.catalina.core.ContainerBase.startInternal(ContainerBase.java:749) ~[tomcat-embed-core-10.1.44.jar!/:na]
	at org.apache.catalina.core.StandardHost.startInternal(StandardHost.java:772) ~[tomcat-embed-core-10.1.44.jar!/:na]
	at org.apache.catalina.util.LifecycleBase.start(LifecycleBase.java:164) ~[tomcat-embed-core-10.1.44.jar!/:na]
	at org.apache.catalina.core.ContainerBase$StartChild.call(ContainerBase.java:1203) ~[tomcat-embed-core-10.1.44.jar!/:na]
	at org.apache.catalina.core.ContainerBase$StartChild.call(ContainerBase.java:1193) ~[tomcat-embed-core-10.1.44.jar!/:na]
	at java.base/java.util.concurrent.FutureTask.run(FutureTask.java:317) ~[na:na]
	at org.apache.tomcat.util.threads.InlineExecutorService.execute(InlineExecutorService.java:75) ~[tomcat-embed-core-10.1.44.jar!/:na]
	at java.base/java.util.concurrent.AbstractExecutorService.submit(AbstractExecutorService.java:145) ~[na:na]
	at org.apache.catalina.core.ContainerBase.startInternal(ContainerBase.java:749) ~[tomcat-embed-core-10.1.44.jar!/:na]
	at org.apache.catalina.core.StandardEngine.startInternal(StandardEngine.java:203) ~[tomcat-embed-core-10.1.44.jar!/:na]
	at org.apache.catalina.util.LifecycleBase.start(LifecycleBase.java:164) ~[tomcat-embed-core-10.1.44.jar!/:na]
	at org.apache.catalina.core.StandardService.startInternal(StandardService.java:412) ~[tomcat-embed-core-10.1.44.jar!/:na]
	at org.apache.catalina.util.LifecycleBase.start(LifecycleBase.java:164) ~[tomcat-embed-core-10.1.44.jar!/:na]
	at org.apache.catalina.core.StandardServer.startInternal(StandardServer.java:870) ~[tomcat-embed-core-10.1.44.jar!/:na]
	at org.apache.catalina.util.LifecycleBase.start(LifecycleBase.java:164) ~[tomcat-embed-core-10.1.44.jar!/:na]
	at org.apache.catalina.startup.Tomcat.start(Tomcat.java:438) ~[tomcat-embed-core-10.1.44.jar!/:na]
	at org.springframework.boot.web.embedded.tomcat.TomcatWebServer.initialize(TomcatWebServer.java:128) ~[spring-boot-3.5.5.jar!/:3.5.5]
	at org.springframework.boot.web.embedded.tomcat.TomcatWebServer.<init>(TomcatWebServer.java:107) ~[spring-boot-3.5.5.jar!/:3.5.5]
	at org.springframework.boot.web.embedded.tomcat.TomcatServletWebServerFactory.getTomcatWebServer(TomcatServletWebServerFactory.java:517) ~[spring-boot-3.5.5.jar!/:3.5.5]
	at org.springframework.boot.web.embedded.tomcat.TomcatServletWebServerFactory.getWebServer(TomcatServletWebServerFactory.java:219) ~[spring-boot-3.5.5.jar!/:3.5.5]
	at org.springframework.boot.web.servlet.context.ServletWebServerApplicationContext.createWebServer(ServletWebServerApplicationContext.java:193) ~[spring-boot-3.5.5.jar!/:3.5.5]
	at org.springframework.boot.web.servlet.context.ServletWebServerApplicationContext.onRefresh(ServletWebServerApplicationContext.java:167) ~[spring-boot-3.5.5.jar!/:3.5.5]
	at org.springframework.context.support.AbstractApplicationContext.refresh(AbstractApplicationContext.java:621) ~[spring-context-6.2.10.jar!/:6.2.10]
	at org.springframework.boot.web.servlet.context.ServletWebServerApplicationContext.refresh(ServletWebServerApplicationContext.java:146) ~[spring-boot-3.5.5.jar!/:3.5.5]
	at org.springframework.boot.SpringApplication.refresh(SpringApplication.java:752) ~[spring-boot-3.5.5.jar!/:3.5.5]
	at org.springframework.boot.SpringApplication.refreshContext(SpringApplication.java:439) ~[spring-boot-3.5.5.jar!/:3.5.5]
	at org.springframework.boot.SpringApplication.run(SpringApplication.java:318) ~[spring-boot-3.5.5.jar!/:3.5.5]
	at org.springframework.boot.SpringApplication.run(SpringApplication.java:1361) ~[spring-boot-3.5.5.jar!/:3.5.5]
	at org.springframework.boot.SpringApplication.run(SpringApplication.java:1350) ~[spring-boot-3.5.5.jar!/:3.5.5]
	at com.Auth.AuthService.AuthServiceApplication.main(AuthServiceApplication.java:10) ~[!/:0.0.1-SNAPSHOT]
	at java.base/jdk.internal.reflect.DirectMethodHandleAccessor.invoke(DirectMethodHandleAccessor.java:103) ~[na:na]
	at java.base/java.lang.reflect.Method.invoke(Method.java:580) ~[na:na]
	at org.springframework.boot.loader.launch.Launcher.launch(Launcher.java:102) ~[AuthService-0.0.1-SNAPSHOT.jar:0.0.1-SNAPSHOT]
	at org.springframework.boot.loader.launch.Launcher.launch(Launcher.java:64) ~[AuthService-0.0.1-SNAPSHOT.jar:0.0.1-SNAPSHOT]
	at org.springframework.boot.loader.launch.JarLauncher.main(JarLauncher.java:40) ~[AuthService-0.0.1-SNAPSHOT.jar:0.0.1-SNAPSHOT]

2025-11-05T13:34:59.645+05:30  WARN 40715 --- [           main] o.h.t.s.i.ExceptionHandlerLoggedImpl     : GenerationTarget encountered exception accepting command : Error executing DDL "
    alter table if exists users 
       alter column first_name set data type varchar(255)" via JDBC [ERROR: cannot alter type of a column used by a view or rule
  Detail: rule _RETURN on view v_admin_users depends on column "first_name"]

org.hibernate.tool.schema.spi.CommandAcceptanceException: Error executing DDL "
    alter table if exists users 
       alter column first_name set data type varchar(255)" via JDBC [ERROR: cannot alter type of a column used by a view or rule
  Detail: rule _RETURN on view v_admin_users depends on column "first_name"]
	at org.hibernate.tool.schema.internal.exec.GenerationTargetToDatabase.accept(GenerationTargetToDatabase.java:94) ~[hibernate-core-6.6.26.Final.jar!/:6.6.26.Final]
	at org.hibernate.tool.schema.internal.AbstractSchemaMigrator.applySqlString(AbstractSchemaMigrator.java:576) ~[hibernate-core-6.6.26.Final.jar!/:6.6.26.Final]
	at org.hibernate.tool.schema.internal.AbstractSchemaMigrator.applySqlStrings(AbstractSchemaMigrator.java:516) ~[hibernate-core-6.6.26.Final.jar!/:6.6.26.Final]
	at org.hibernate.tool.schema.internal.AbstractSchemaMigrator.migrateTable(AbstractSchemaMigrator.java:334) ~[hibernate-core-6.6.26.Final.jar!/:6.6.26.Final]
	at org.hibernate.tool.schema.internal.GroupedSchemaMigratorImpl.performTablesMigration(GroupedSchemaMigratorImpl.java:84) ~[hibernate-core-6.6.26.Final.jar!/:6.6.26.Final]
	at org.hibernate.tool.schema.internal.AbstractSchemaMigrator.performMigration(AbstractSchemaMigrator.java:233) ~[hibernate-core-6.6.26.Final.jar!/:6.6.26.Final]
	at org.hibernate.tool.schema.internal.AbstractSchemaMigrator.doMigration(AbstractSchemaMigrator.java:112) ~[hibernate-core-6.6.26.Final.jar!/:6.6.26.Final]
	at org.hibernate.tool.schema.spi.SchemaManagementToolCoordinator.performDatabaseAction(SchemaManagementToolCoordinator.java:280) ~[hibernate-core-6.6.26.Final.jar!/:6.6.26.Final]
	at org.hibernate.tool.schema.spi.SchemaManagementToolCoordinator.lambda$process$5(SchemaManagementToolCoordinator.java:144) ~[hibernate-core-6.6.26.Final.jar!/:6.6.26.Final]
	at java.base/java.util.HashMap.forEach(HashMap.java:1429) ~[na:na]
	at org.hibernate.tool.schema.spi.SchemaManagementToolCoordinator.process(SchemaManagementToolCoordinator.java:141) ~[hibernate-core-6.6.26.Final.jar!/:6.6.26.Final]
	at org.hibernate.boot.internal.SessionFactoryObserverForSchemaExport.sessionFactoryCreated(SessionFactoryObserverForSchemaExport.java:37) ~[hibernate-core-6.6.26.Final.jar!/:6.6.26.Final]
	at org.hibernate.internal.SessionFactoryObserverChain.sessionFactoryCreated(SessionFactoryObserverChain.java:35) ~[hibernate-core-6.6.26.Final.jar!/:6.6.26.Final]
	at org.hibernate.internal.SessionFactoryImpl.<init>(SessionFactoryImpl.java:324) ~[hibernate-core-6.6.26.Final.jar!/:6.6.26.Final]
	at org.hibernate.boot.internal.SessionFactoryBuilderImpl.build(SessionFactoryBuilderImpl.java:463) ~[hibernate-core-6.6.26.Final.jar!/:6.6.26.Final]
	at org.hibernate.jpa.boot.internal.EntityManagerFactoryBuilderImpl.build(EntityManagerFactoryBuilderImpl.java:1517) ~[hibernate-core-6.6.26.Final.jar!/:6.6.26.Final]
	at org.springframework.orm.jpa.vendor.SpringHibernateJpaPersistenceProvider.createContainerEntityManagerFactory(SpringHibernateJpaPersistenceProvider.java:66) ~[spring-orm-6.2.10.jar!/:6.2.10]
	at org.springframework.orm.jpa.LocalContainerEntityManagerFactoryBean.createNativeEntityManagerFactory(LocalContainerEntityManagerFactoryBean.java:390) ~[spring-orm-6.2.10.jar!/:6.2.10]
	at org.springframework.orm.jpa.AbstractEntityManagerFactoryBean.buildNativeEntityManagerFactory(AbstractEntityManagerFactoryBean.java:419) ~[spring-orm-6.2.10.jar!/:6.2.10]
	at org.springframework.orm.jpa.AbstractEntityManagerFactoryBean.afterPropertiesSet(AbstractEntityManagerFactoryBean.java:400) ~[spring-orm-6.2.10.jar!/:6.2.10]
	at org.springframework.orm.jpa.LocalContainerEntityManagerFactoryBean.afterPropertiesSet(LocalContainerEntityManagerFactoryBean.java:366) ~[spring-orm-6.2.10.jar!/:6.2.10]
	at org.springframework.beans.factory.support.AbstractAutowireCapableBeanFactory.invokeInitMethods(AbstractAutowireCapableBeanFactory.java:1873) ~[spring-beans-6.2.10.jar!/:6.2.10]
	at org.springframework.beans.factory.support.AbstractAutowireCapableBeanFactory.initializeBean(AbstractAutowireCapableBeanFactory.java:1822) ~[spring-beans-6.2.10.jar!/:6.2.10]
	at org.springframework.beans.factory.support.AbstractAutowireCapableBeanFactory.doCreateBean(AbstractAutowireCapableBeanFactory.java:607) ~[spring-beans-6.2.10.jar!/:6.2.10]
	at org.springframework.beans.factory.support.AbstractAutowireCapableBeanFactory.createBean(AbstractAutowireCapableBeanFactory.java:529) ~[spring-beans-6.2.10.jar!/:6.2.10]
	at org.springframework.beans.factory.support.AbstractBeanFactory.lambda$doGetBean$0(AbstractBeanFactory.java:339) ~[spring-beans-6.2.10.jar!/:6.2.10]
	at org.springframework.beans.factory.support.DefaultSingletonBeanRegistry.getSingleton(DefaultSingletonBeanRegistry.java:373) ~[spring-beans-6.2.10.jar!/:6.2.10]
	at org.springframework.beans.factory.support.AbstractBeanFactory.doGetBean(AbstractBeanFactory.java:337) ~[spring-beans-6.2.10.jar!/:6.2.10]
	at org.springframework.beans.factory.support.AbstractBeanFactory.getBean(AbstractBeanFactory.java:202) ~[spring-beans-6.2.10.jar!/:6.2.10]
	at org.springframework.beans.factory.support.BeanDefinitionValueResolver.resolveReference(BeanDefinitionValueResolver.java:365) ~[spring-beans-6.2.10.jar!/:6.2.10]
	at org.springframework.beans.factory.support.BeanDefinitionValueResolver.resolveValueIfNecessary(BeanDefinitionValueResolver.java:135) ~[spring-beans-6.2.10.jar!/:6.2.10]
	at org.springframework.beans.factory.support.ConstructorResolver.resolveConstructorArguments(ConstructorResolver.java:691) ~[spring-beans-6.2.10.jar!/:6.2.10]
	at org.springframework.beans.factory.support.ConstructorResolver.instantiateUsingFactoryMethod(ConstructorResolver.java:513) ~[spring-beans-6.2.10.jar!/:6.2.10]
	at org.springframework.beans.factory.support.AbstractAutowireCapableBeanFactory.instantiateUsingFactoryMethod(AbstractAutowireCapableBeanFactory.java:1375) ~[spring-beans-6.2.10.jar!/:6.2.10]
	at org.springframework.beans.factory.support.AbstractAutowireCapableBeanFactory.createBeanInstance(AbstractAutowireCapableBeanFactory.java:1205) ~[spring-beans-6.2.10.jar!/:6.2.10]
	at org.springframework.beans.factory.support.AbstractAutowireCapableBeanFactory.doCreateBean(AbstractAutowireCapableBeanFactory.java:569) ~[spring-beans-6.2.10.jar!/:6.2.10]
	at org.springframework.beans.factory.support.AbstractAutowireCapableBeanFactory.createBean(AbstractAutowireCapableBeanFactory.java:529) ~[spring-beans-6.2.10.jar!/:6.2.10]
	at org.springframework.beans.factory.support.AbstractBeanFactory.lambda$doGetBean$0(AbstractBeanFactory.java:339) ~[spring-beans-6.2.10.jar!/:6.2.10]
	at org.springframework.beans.factory.support.DefaultSingletonBeanRegistry.getSingleton(DefaultSingletonBeanRegistry.java:373) ~[spring-beans-6.2.10.jar!/:6.2.10]
	at org.springframework.beans.factory.support.AbstractBeanFactory.doGetBean(AbstractBeanFactory.java:337) ~[spring-beans-6.2.10.jar!/:6.2.10]
	at org.springframework.beans.factory.support.AbstractBeanFactory.getBean(AbstractBeanFactory.java:202) ~[spring-beans-6.2.10.jar!/:6.2.10]
	at org.springframework.beans.factory.support.BeanDefinitionValueResolver.resolveReference(BeanDefinitionValueResolver.java:365) ~[spring-beans-6.2.10.jar!/:6.2.10]
	at org.springframework.beans.factory.support.BeanDefinitionValueResolver.resolveValueIfNecessary(BeanDefinitionValueResolver.java:135) ~[spring-beans-6.2.10.jar!/:6.2.10]
	at org.springframework.beans.factory.support.AbstractAutowireCapableBeanFactory.applyPropertyValues(AbstractAutowireCapableBeanFactory.java:1725) ~[spring-beans-6.2.10.jar!/:6.2.10]
	at org.springframework.beans.factory.support.AbstractAutowireCapableBeanFactory.populateBean(AbstractAutowireCapableBeanFactory.java:1474) ~[spring-beans-6.2.10.jar!/:6.2.10]
	at org.springframework.beans.factory.support.AbstractAutowireCapableBeanFactory.doCreateBean(AbstractAutowireCapableBeanFactory.java:606) ~[spring-beans-6.2.10.jar!/:6.2.10]
	at org.springframework.beans.factory.support.AbstractAutowireCapableBeanFactory.createBean(AbstractAutowireCapableBeanFactory.java:529) ~[spring-beans-6.2.10.jar!/:6.2.10]
	at org.springframework.beans.factory.support.AbstractBeanFactory.lambda$doGetBean$0(AbstractBeanFactory.java:339) ~[spring-beans-6.2.10.jar!/:6.2.10]
	at org.springframework.beans.factory.support.DefaultSingletonBeanRegistry.getSingleton(DefaultSingletonBeanRegistry.java:373) ~[spring-beans-6.2.10.jar!/:6.2.10]
	at org.springframework.beans.factory.support.AbstractBeanFactory.doGetBean(AbstractBeanFactory.java:337) ~[spring-beans-6.2.10.jar!/:6.2.10]
	at org.springframework.beans.factory.support.AbstractBeanFactory.getBean(AbstractBeanFactory.java:202) ~[spring-beans-6.2.10.jar!/:6.2.10]
	at org.springframework.beans.factory.config.DependencyDescriptor.resolveCandidate(DependencyDescriptor.java:254) ~[spring-beans-6.2.10.jar!/:6.2.10]
	at org.springframework.beans.factory.support.DefaultListableBeanFactory.doResolveDependency(DefaultListableBeanFactory.java:1752) ~[spring-beans-6.2.10.jar!/:6.2.10]
	at org.springframework.beans.factory.support.DefaultListableBeanFactory.resolveDependency(DefaultListableBeanFactory.java:1635) ~[spring-beans-6.2.10.jar!/:6.2.10]
	at org.springframework.beans.factory.support.ConstructorResolver.resolveAutowiredArgument(ConstructorResolver.java:913) ~[spring-beans-6.2.10.jar!/:6.2.10]
	at org.springframework.beans.factory.support.ConstructorResolver.createArgumentArray(ConstructorResolver.java:791) ~[spring-beans-6.2.10.jar!/:6.2.10]
	at org.springframework.beans.factory.support.ConstructorResolver.autowireConstructor(ConstructorResolver.java:240) ~[spring-beans-6.2.10.jar!/:6.2.10]
	at org.springframework.beans.factory.support.AbstractAutowireCapableBeanFactory.autowireConstructor(AbstractAutowireCapableBeanFactory.java:1395) ~[spring-beans-6.2.10.jar!/:6.2.10]
	at org.springframework.beans.factory.support.AbstractAutowireCapableBeanFactory.createBeanInstance(AbstractAutowireCapableBeanFactory.java:1232) ~[spring-beans-6.2.10.jar!/:6.2.10]
	at org.springframework.beans.factory.support.AbstractAutowireCapableBeanFactory.doCreateBean(AbstractAutowireCapableBeanFactory.java:569) ~[spring-beans-6.2.10.jar!/:6.2.10]
	at org.springframework.beans.factory.support.AbstractAutowireCapableBeanFactory.createBean(AbstractAutowireCapableBeanFactory.java:529) ~[spring-beans-6.2.10.jar!/:6.2.10]
	at org.springframework.beans.factory.support.AbstractBeanFactory.lambda$doGetBean$0(AbstractBeanFactory.java:339) ~[spring-beans-6.2.10.jar!/:6.2.10]
	at org.springframework.beans.factory.support.DefaultSingletonBeanRegistry.getSingleton(DefaultSingletonBeanRegistry.java:373) ~[spring-beans-6.2.10.jar!/:6.2.10]
	at org.springframework.beans.factory.support.AbstractBeanFactory.doGetBean(AbstractBeanFactory.java:337) ~[spring-beans-6.2.10.jar!/:6.2.10]
	at org.springframework.beans.factory.support.AbstractBeanFactory.getBean(AbstractBeanFactory.java:202) ~[spring-beans-6.2.10.jar!/:6.2.10]
	at org.springframework.beans.factory.support.DefaultListableBeanFactory.doResolveDependency(DefaultListableBeanFactory.java:1690) ~[spring-beans-6.2.10.jar!/:6.2.10]
	at org.springframework.beans.factory.support.DefaultListableBeanFactory.resolveDependency(DefaultListableBeanFactory.java:1635) ~[spring-beans-6.2.10.jar!/:6.2.10]
	at org.springframework.beans.factory.support.ConstructorResolver.resolveAutowiredArgument(ConstructorResolver.java:913) ~[spring-beans-6.2.10.jar!/:6.2.10]
	at org.springframework.beans.factory.support.ConstructorResolver.createArgumentArray(ConstructorResolver.java:791) ~[spring-beans-6.2.10.jar!/:6.2.10]
	at org.springframework.beans.factory.support.ConstructorResolver.autowireConstructor(ConstructorResolver.java:240) ~[spring-beans-6.2.10.jar!/:6.2.10]
	at org.springframework.beans.factory.support.AbstractAutowireCapableBeanFactory.autowireConstructor(AbstractAutowireCapableBeanFactory.java:1395) ~[spring-beans-6.2.10.jar!/:6.2.10]
	at org.springframework.beans.factory.support.AbstractAutowireCapableBeanFactory.createBeanInstance(AbstractAutowireCapableBeanFactory.java:1232) ~[spring-beans-6.2.10.jar!/:6.2.10]
	at org.springframework.beans.factory.support.AbstractAutowireCapableBeanFactory.doCreateBean(AbstractAutowireCapableBeanFactory.java:569) ~[spring-beans-6.2.10.jar!/:6.2.10]
	at org.springframework.beans.factory.support.AbstractAutowireCapableBeanFactory.createBean(AbstractAutowireCapableBeanFactory.java:529) ~[spring-beans-6.2.10.jar!/:6.2.10]
	at org.springframework.beans.factory.support.AbstractBeanFactory.lambda$doGetBean$0(AbstractBeanFactory.java:339) ~[spring-beans-6.2.10.jar!/:6.2.10]
	at org.springframework.beans.factory.support.DefaultSingletonBeanRegistry.getSingleton(DefaultSingletonBeanRegistry.java:373) ~[spring-beans-6.2.10.jar!/:6.2.10]
	at org.springframework.beans.factory.support.AbstractBeanFactory.doGetBean(AbstractBeanFactory.java:337) ~[spring-beans-6.2.10.jar!/:6.2.10]
	at org.springframework.beans.factory.support.AbstractBeanFactory.getBean(AbstractBeanFactory.java:207) ~[spring-beans-6.2.10.jar!/:6.2.10]
	at org.springframework.boot.web.servlet.ServletContextInitializerBeans.getOrderedBeansOfType(ServletContextInitializerBeans.java:230) ~[spring-boot-3.5.5.jar!/:3.5.5]
	at org.springframework.boot.web.servlet.ServletContextInitializerBeans.addAsRegistrationBean(ServletContextInitializerBeans.java:184) ~[spring-boot-3.5.5.jar!/:3.5.5]
	at org.springframework.boot.web.servlet.ServletContextInitializerBeans.addAsRegistrationBean(ServletContextInitializerBeans.java:179) ~[spring-boot-3.5.5.jar!/:3.5.5]
	at org.springframework.boot.web.servlet.ServletContextInitializerBeans.addAdaptableBeans(ServletContextInitializerBeans.java:164) ~[spring-boot-3.5.5.jar!/:3.5.5]
	at org.springframework.boot.web.servlet.ServletContextInitializerBeans.<init>(ServletContextInitializerBeans.java:96) ~[spring-boot-3.5.5.jar!/:3.5.5]
	at org.springframework.boot.web.servlet.context.ServletWebServerApplicationContext.getServletContextInitializerBeans(ServletWebServerApplicationContext.java:271) ~[spring-boot-3.5.5.jar!/:3.5.5]
	at org.springframework.boot.web.servlet.context.ServletWebServerApplicationContext.selfInitialize(ServletWebServerApplicationContext.java:245) ~[spring-boot-3.5.5.jar!/:3.5.5]
	at org.springframework.boot.web.embedded.tomcat.TomcatStarter.onStartup(TomcatStarter.java:52) ~[spring-boot-3.5.5.jar!/:3.5.5]
	at org.apache.catalina.core.StandardContext.startInternal(StandardContext.java:4464) ~[tomcat-embed-core-10.1.44.jar!/:na]
	at org.apache.catalina.util.LifecycleBase.start(LifecycleBase.java:164) ~[tomcat-embed-core-10.1.44.jar!/:na]
	at org.apache.catalina.core.ContainerBase$StartChild.call(ContainerBase.java:1203) ~[tomcat-embed-core-10.1.44.jar!/:na]
	at org.apache.catalina.core.ContainerBase$StartChild.call(ContainerBase.java:1193) ~[tomcat-embed-core-10.1.44.jar!/:na]
	at java.base/java.util.concurrent.FutureTask.run(FutureTask.java:317) ~[na:na]
	at org.apache.tomcat.util.threads.InlineExecutorService.execute(InlineExecutorService.java:75) ~[tomcat-embed-core-10.1.44.jar!/:na]
	at java.base/java.util.concurrent.AbstractExecutorService.submit(AbstractExecutorService.java:145) ~[na:na]
	at org.apache.catalina.core.ContainerBase.startInternal(ContainerBase.java:749) ~[tomcat-embed-core-10.1.44.jar!/:na]
	at org.apache.catalina.core.StandardHost.startInternal(StandardHost.java:772) ~[tomcat-embed-core-10.1.44.jar!/:na]
	at org.apache.catalina.util.LifecycleBase.start(LifecycleBase.java:164) ~[tomcat-embed-core-10.1.44.jar!/:na]
	at org.apache.catalina.core.ContainerBase$StartChild.call(ContainerBase.java:1203) ~[tomcat-embed-core-10.1.44.jar!/:na]
	at org.apache.catalina.core.ContainerBase$StartChild.call(ContainerBase.java:1193) ~[tomcat-embed-core-10.1.44.jar!/:na]
	at java.base/java.util.concurrent.FutureTask.run(FutureTask.java:317) ~[na:na]
	at org.apache.tomcat.util.threads.InlineExecutorService.execute(InlineExecutorService.java:75) ~[tomcat-embed-core-10.1.44.jar!/:na]
	at java.base/java.util.concurrent.AbstractExecutorService.submit(AbstractExecutorService.java:145) ~[na:na]
	at org.apache.catalina.core.ContainerBase.startInternal(ContainerBase.java:749) ~[tomcat-embed-core-10.1.44.jar!/:na]
	at org.apache.catalina.core.StandardEngine.startInternal(StandardEngine.java:203) ~[tomcat-embed-core-10.1.44.jar!/:na]
	at org.apache.catalina.util.LifecycleBase.start(LifecycleBase.java:164) ~[tomcat-embed-core-10.1.44.jar!/:na]
	at org.apache.catalina.core.StandardService.startInternal(StandardService.java:412) ~[tomcat-embed-core-10.1.44.jar!/:na]
	at org.apache.catalina.util.LifecycleBase.start(LifecycleBase.java:164) ~[tomcat-embed-core-10.1.44.jar!/:na]
	at org.apache.catalina.core.StandardServer.startInternal(StandardServer.java:870) ~[tomcat-embed-core-10.1.44.jar!/:na]
	at org.apache.catalina.util.LifecycleBase.start(LifecycleBase.java:164) ~[tomcat-embed-core-10.1.44.jar!/:na]
	at org.apache.catalina.startup.Tomcat.start(Tomcat.java:438) ~[tomcat-embed-core-10.1.44.jar!/:na]
	at org.springframework.boot.web.embedded.tomcat.TomcatWebServer.initialize(TomcatWebServer.java:128) ~[spring-boot-3.5.5.jar!/:3.5.5]
	at org.springframework.boot.web.embedded.tomcat.TomcatWebServer.<init>(TomcatWebServer.java:107) ~[spring-boot-3.5.5.jar!/:3.5.5]
	at org.springframework.boot.web.embedded.tomcat.TomcatServletWebServerFactory.getTomcatWebServer(TomcatServletWebServerFactory.java:517) ~[spring-boot-3.5.5.jar!/:3.5.5]
	at org.springframework.boot.web.embedded.tomcat.TomcatServletWebServerFactory.getWebServer(TomcatServletWebServerFactory.java:219) ~[spring-boot-3.5.5.jar!/:3.5.5]
	at org.springframework.boot.web.servlet.context.ServletWebServerApplicationContext.createWebServer(ServletWebServerApplicationContext.java:193) ~[spring-boot-3.5.5.jar!/:3.5.5]
	at org.springframework.boot.web.servlet.context.ServletWebServerApplicationContext.onRefresh(ServletWebServerApplicationContext.java:167) ~[spring-boot-3.5.5.jar!/:3.5.5]
	at org.springframework.context.support.AbstractApplicationContext.refresh(AbstractApplicationContext.java:621) ~[spring-context-6.2.10.jar!/:6.2.10]
	at org.springframework.boot.web.servlet.context.ServletWebServerApplicationContext.refresh(ServletWebServerApplicationContext.java:146) ~[spring-boot-3.5.5.jar!/:3.5.5]
	at org.springframework.boot.SpringApplication.refresh(SpringApplication.java:752) ~[spring-boot-3.5.5.jar!/:3.5.5]
	at org.springframework.boot.SpringApplication.refreshContext(SpringApplication.java:439) ~[spring-boot-3.5.5.jar!/:3.5.5]
	at org.springframework.boot.SpringApplication.run(SpringApplication.java:318) ~[spring-boot-3.5.5.jar!/:3.5.5]
	at org.springframework.boot.SpringApplication.run(SpringApplication.java:1361) ~[spring-boot-3.5.5.jar!/:3.5.5]
	at org.springframework.boot.SpringApplication.run(SpringApplication.java:1350) ~[spring-boot-3.5.5.jar!/:3.5.5]
	at com.Auth.AuthService.AuthServiceApplication.main(AuthServiceApplication.java:10) ~[!/:0.0.1-SNAPSHOT]
	at java.base/jdk.internal.reflect.DirectMethodHandleAccessor.invoke(DirectMethodHandleAccessor.java:103) ~[na:na]
	at java.base/java.lang.reflect.Method.invoke(Method.java:580) ~[na:na]
	at org.springframework.boot.loader.launch.Launcher.launch(Launcher.java:102) ~[AuthService-0.0.1-SNAPSHOT.jar:0.0.1-SNAPSHOT]
	at org.springframework.boot.loader.launch.Launcher.launch(Launcher.java:64) ~[AuthService-0.0.1-SNAPSHOT.jar:0.0.1-SNAPSHOT]
	at org.springframework.boot.loader.launch.JarLauncher.main(JarLauncher.java:40) ~[AuthService-0.0.1-SNAPSHOT.jar:0.0.1-SNAPSHOT]
Caused by: org.postgresql.util.PSQLException: ERROR: cannot alter type of a column used by a view or rule
  Detail: rule _RETURN on view v_admin_users depends on column "first_name"
	at org.postgresql.core.v3.QueryExecutorImpl.receiveErrorResponse(QueryExecutorImpl.java:2734) ~[postgresql-42.7.7.jar!/:42.7.7]
	at org.postgresql.core.v3.QueryExecutorImpl.processResults(QueryExecutorImpl.java:2421) ~[postgresql-42.7.7.jar!/:42.7.7]
	at org.postgresql.core.v3.QueryExecutorImpl.execute(QueryExecutorImpl.java:372) ~[postgresql-42.7.7.jar!/:42.7.7]
	at org.postgresql.jdbc.PgStatement.executeInternal(PgStatement.java:518) ~[postgresql-42.7.7.jar!/:42.7.7]
	at org.postgresql.jdbc.PgStatement.execute(PgStatement.java:435) ~[postgresql-42.7.7.jar!/:42.7.7]
	at org.postgresql.jdbc.PgStatement.executeWithFlags(PgStatement.java:357) ~[postgresql-42.7.7.jar!/:42.7.7]
	at org.postgresql.jdbc.PgStatement.executeCachedSql(PgStatement.java:342) ~[postgresql-42.7.7.jar!/:42.7.7]
	at org.postgresql.jdbc.PgStatement.executeWithFlags(PgStatement.java:318) ~[postgresql-42.7.7.jar!/:42.7.7]
	at org.postgresql.jdbc.PgStatement.execute(PgStatement.java:313) ~[postgresql-42.7.7.jar!/:42.7.7]
	at com.zaxxer.hikari.pool.ProxyStatement.execute(ProxyStatement.java:95) ~[HikariCP-6.3.2.jar!/:na]
	at com.zaxxer.hikari.pool.HikariProxyStatement.execute(HikariProxyStatement.java) ~[HikariCP-6.3.2.jar!/:na]
	at org.hibernate.tool.schema.internal.exec.GenerationTargetToDatabase.accept(GenerationTargetToDatabase.java:80) ~[hibernate-core-6.6.26.Final.jar!/:6.6.26.Final]
	... 127 common frames omitted

Hibernate: 
    alter table if exists users 
       alter column last_name set data type varchar(255)
2025-11-05T13:34:59.647+05:30  WARN 40715 --- [           main] o.h.t.s.i.ExceptionHandlerLoggedImpl     : GenerationTarget encountered exception accepting command : Error executing DDL "
    alter table if exists users 
       alter column last_name set data type varchar(255)" via JDBC [This connection has been closed.]

org.hibernate.tool.schema.spi.CommandAcceptanceException: Error executing DDL "
    alter table if exists users 
       alter column last_name set data type varchar(255)" via JDBC [This connection has been closed.]
	at org.hibernate.tool.schema.internal.exec.GenerationTargetToDatabase.accept(GenerationTargetToDatabase.java:94) ~[hibernate-core-6.6.26.Final.jar!/:6.6.26.Final]
	at org.hibernate.tool.schema.internal.AbstractSchemaMigrator.applySqlString(AbstractSchemaMigrator.java:576) ~[hibernate-core-6.6.26.Final.jar!/:6.6.26.Final]
	at org.hibernate.tool.schema.internal.AbstractSchemaMigrator.applySqlStrings(AbstractSchemaMigrator.java:516) ~[hibernate-core-6.6.26.Final.jar!/:6.6.26.Final]
	at org.hibernate.tool.schema.internal.AbstractSchemaMigrator.migrateTable(AbstractSchemaMigrator.java:334) ~[hibernate-core-6.6.26.Final.jar!/:6.6.26.Final]
	at org.hibernate.tool.schema.internal.GroupedSchemaMigratorImpl.performTablesMigration(GroupedSchemaMigratorImpl.java:84) ~[hibernate-core-6.6.26.Final.jar!/:6.6.26.Final]
	at org.hibernate.tool.schema.internal.AbstractSchemaMigrator.performMigration(AbstractSchemaMigrator.java:233) ~[hibernate-core-6.6.26.Final.jar!/:6.6.26.Final]
	at org.hibernate.tool.schema.internal.AbstractSchemaMigrator.doMigration(AbstractSchemaMigrator.java:112) ~[hibernate-core-6.6.26.Final.jar!/:6.6.26.Final]
	at org.hibernate.tool.schema.spi.SchemaManagementToolCoordinator.performDatabaseAction(SchemaManagementToolCoordinator.java:280) ~[hibernate-core-6.6.26.Final.jar!/:6.6.26.Final]
	at org.hibernate.tool.schema.spi.SchemaManagementToolCoordinator.lambda$process$5(SchemaManagementToolCoordinator.java:144) ~[hibernate-core-6.6.26.Final.jar!/:6.6.26.Final]
	at java.base/java.util.HashMap.forEach(HashMap.java:1429) ~[na:na]
	at org.hibernate.tool.schema.spi.SchemaManagementToolCoordinator.process(SchemaManagementToolCoordinator.java:141) ~[hibernate-core-6.6.26.Final.jar!/:6.6.26.Final]
	at org.hibernate.boot.internal.SessionFactoryObserverForSchemaExport.sessionFactoryCreated(SessionFactoryObserverForSchemaExport.java:37) ~[hibernate-core-6.6.26.Final.jar!/:6.6.26.Final]
	at org.hibernate.internal.SessionFactoryObserverChain.sessionFactoryCreated(SessionFactoryObserverChain.java:35) ~[hibernate-core-6.6.26.Final.jar!/:6.6.26.Final]
	at org.hibernate.internal.SessionFactoryImpl.<init>(SessionFactoryImpl.java:324) ~[hibernate-core-6.6.26.Final.jar!/:6.6.26.Final]
	at org.hibernate.boot.internal.SessionFactoryBuilderImpl.build(SessionFactoryBuilderImpl.java:463) ~[hibernate-core-6.6.26.Final.jar!/:6.6.26.Final]
	at org.hibernate.jpa.boot.internal.EntityManagerFactoryBuilderImpl.build(EntityManagerFactoryBuilderImpl.java:1517) ~[hibernate-core-6.6.26.Final.jar!/:6.6.26.Final]
	at org.springframework.orm.jpa.vendor.SpringHibernateJpaPersistenceProvider.createContainerEntityManagerFactory(SpringHibernateJpaPersistenceProvider.java:66) ~[spring-orm-6.2.10.jar!/:6.2.10]
	at org.springframework.orm.jpa.LocalContainerEntityManagerFactoryBean.createNativeEntityManagerFactory(LocalContainerEntityManagerFactoryBean.java:390) ~[spring-orm-6.2.10.jar!/:6.2.10]
	at org.springframework.orm.jpa.AbstractEntityManagerFactoryBean.buildNativeEntityManagerFactory(AbstractEntityManagerFactoryBean.java:419) ~[spring-orm-6.2.10.jar!/:6.2.10]
	at org.springframework.orm.jpa.AbstractEntityManagerFactoryBean.afterPropertiesSet(AbstractEntityManagerFactoryBean.java:400) ~[spring-orm-6.2.10.jar!/:6.2.10]
	at org.springframework.orm.jpa.LocalContainerEntityManagerFactoryBean.afterPropertiesSet(LocalContainerEntityManagerFactoryBean.java:366) ~[spring-orm-6.2.10.jar!/:6.2.10]
	at org.springframework.beans.factory.support.AbstractAutowireCapableBeanFactory.invokeInitMethods(AbstractAutowireCapableBeanFactory.java:1873) ~[spring-beans-6.2.10.jar!/:6.2.10]
	at org.springframework.beans.factory.support.AbstractAutowireCapableBeanFactory.initializeBean(AbstractAutowireCapableBeanFactory.java:1822) ~[spring-beans-6.2.10.jar!/:6.2.10]
	at org.springframework.beans.factory.support.AbstractAutowireCapableBeanFactory.doCreateBean(AbstractAutowireCapableBeanFactory.java:607) ~[spring-beans-6.2.10.jar!/:6.2.10]
	at org.springframework.beans.factory.support.AbstractAutowireCapableBeanFactory.createBean(AbstractAutowireCapableBeanFactory.java:529) ~[spring-beans-6.2.10.jar!/:6.2.10]
	at org.springframework.beans.factory.support.AbstractBeanFactory.lambda$doGetBean$0(AbstractBeanFactory.java:339) ~[spring-beans-6.2.10.jar!/:6.2.10]
	at org.springframework.beans.factory.support.DefaultSingletonBeanRegistry.getSingleton(DefaultSingletonBeanRegistry.java:373) ~[spring-beans-6.2.10.jar!/:6.2.10]
	at org.springframework.beans.factory.support.AbstractBeanFactory.doGetBean(AbstractBeanFactory.java:337) ~[spring-beans-6.2.10.jar!/:6.2.10]
	at org.springframework.beans.factory.support.AbstractBeanFactory.getBean(AbstractBeanFactory.java:202) ~[spring-beans-6.2.10.jar!/:6.2.10]
	at org.springframework.beans.factory.support.BeanDefinitionValueResolver.resolveReference(BeanDefinitionValueResolver.java:365) ~[spring-beans-6.2.10.jar!/:6.2.10]
	at org.springframework.beans.factory.support.BeanDefinitionValueResolver.resolveValueIfNecessary(BeanDefinitionValueResolver.java:135) ~[spring-beans-6.2.10.jar!/:6.2.10]
	at org.springframework.beans.factory.support.ConstructorResolver.resolveConstructorArguments(ConstructorResolver.java:691) ~[spring-beans-6.2.10.jar!/:6.2.10]
	at org.springframework.beans.factory.support.ConstructorResolver.instantiateUsingFactoryMethod(ConstructorResolver.java:513) ~[spring-beans-6.2.10.jar!/:6.2.10]
	at org.springframework.beans.factory.support.AbstractAutowireCapableBeanFactory.instantiateUsingFactoryMethod(AbstractAutowireCapableBeanFactory.java:1375) ~[spring-beans-6.2.10.jar!/:6.2.10]
	at org.springframework.beans.factory.support.AbstractAutowireCapableBeanFactory.createBeanInstance(AbstractAutowireCapableBeanFactory.java:1205) ~[spring-beans-6.2.10.jar!/:6.2.10]
	at org.springframework.beans.factory.support.AbstractAutowireCapableBeanFactory.doCreateBean(AbstractAutowireCapableBeanFactory.java:569) ~[spring-beans-6.2.10.jar!/:6.2.10]
	at org.springframework.beans.factory.support.AbstractAutowireCapableBeanFactory.createBean(AbstractAutowireCapableBeanFactory.java:529) ~[spring-beans-6.2.10.jar!/:6.2.10]
	at org.springframework.beans.factory.support.AbstractBeanFactory.lambda$doGetBean$0(AbstractBeanFactory.java:339) ~[spring-beans-6.2.10.jar!/:6.2.10]
	at org.springframework.beans.factory.support.DefaultSingletonBeanRegistry.getSingleton(DefaultSingletonBeanRegistry.java:373) ~[spring-beans-6.2.10.jar!/:6.2.10]
	at org.springframework.beans.factory.support.AbstractBeanFactory.doGetBean(AbstractBeanFactory.java:337) ~[spring-beans-6.2.10.jar!/:6.2.10]
	at org.springframework.beans.factory.support.AbstractBeanFactory.getBean(AbstractBeanFactory.java:202) ~[spring-beans-6.2.10.jar!/:6.2.10]
	at org.springframework.beans.factory.support.BeanDefinitionValueResolver.resolveReference(BeanDefinitionValueResolver.java:365) ~[spring-beans-6.2.10.jar!/:6.2.10]
	at org.springframework.beans.factory.support.BeanDefinitionValueResolver.resolveValueIfNecessary(BeanDefinitionValueResolver.java:135) ~[spring-beans-6.2.10.jar!/:6.2.10]
	at org.springframework.beans.factory.support.AbstractAutowireCapableBeanFactory.applyPropertyValues(AbstractAutowireCapableBeanFactory.java:1725) ~[spring-beans-6.2.10.jar!/:6.2.10]
	at org.springframework.beans.factory.support.AbstractAutowireCapableBeanFactory.populateBean(AbstractAutowireCapableBeanFactory.java:1474) ~[spring-beans-6.2.10.jar!/:6.2.10]
	at org.springframework.beans.factory.support.AbstractAutowireCapableBeanFactory.doCreateBean(AbstractAutowireCapableBeanFactory.java:606) ~[spring-beans-6.2.10.jar!/:6.2.10]
	at org.springframework.beans.factory.support.AbstractAutowireCapableBeanFactory.createBean(AbstractAutowireCapableBeanFactory.java:529) ~[spring-beans-6.2.10.jar!/:6.2.10]
	at org.springframework.beans.factory.support.AbstractBeanFactory.lambda$doGetBean$0(AbstractBeanFactory.java:339) ~[spring-beans-6.2.10.jar!/:6.2.10]
	at org.springframework.beans.factory.support.DefaultSingletonBeanRegistry.getSingleton(DefaultSingletonBeanRegistry.java:373) ~[spring-beans-6.2.10.jar!/:6.2.10]
	at org.springframework.beans.factory.support.AbstractBeanFactory.doGetBean(AbstractBeanFactory.java:337) ~[spring-beans-6.2.10.jar!/:6.2.10]
	at org.springframework.beans.factory.support.AbstractBeanFactory.getBean(AbstractBeanFactory.java:202) ~[spring-beans-6.2.10.jar!/:6.2.10]
	at org.springframework.beans.factory.config.DependencyDescriptor.resolveCandidate(DependencyDescriptor.java:254) ~[spring-beans-6.2.10.jar!/:6.2.10]
	at org.springframework.beans.factory.support.DefaultListableBeanFactory.doResolveDependency(DefaultListableBeanFactory.java:1752) ~[spring-beans-6.2.10.jar!/:6.2.10]
	at org.springframework.beans.factory.support.DefaultListableBeanFactory.resolveDependency(DefaultListableBeanFactory.java:1635) ~[spring-beans-6.2.10.jar!/:6.2.10]
	at org.springframework.beans.factory.support.ConstructorResolver.resolveAutowiredArgument(ConstructorResolver.java:913) ~[spring-beans-6.2.10.jar!/:6.2.10]
	at org.springframework.beans.factory.support.ConstructorResolver.createArgumentArray(ConstructorResolver.java:791) ~[spring-beans-6.2.10.jar!/:6.2.10]
	at org.springframework.beans.factory.support.ConstructorResolver.autowireConstructor(ConstructorResolver.java:240) ~[spring-beans-6.2.10.jar!/:6.2.10]
	at org.springframework.beans.factory.support.AbstractAutowireCapableBeanFactory.autowireConstructor(AbstractAutowireCapableBeanFactory.java:1395) ~[spring-beans-6.2.10.jar!/:6.2.10]
	at org.springframework.beans.factory.support.AbstractAutowireCapableBeanFactory.createBeanInstance(AbstractAutowireCapableBeanFactory.java:1232) ~[spring-beans-6.2.10.jar!/:6.2.10]
	at org.springframework.beans.factory.support.AbstractAutowireCapableBeanFactory.doCreateBean(AbstractAutowireCapableBeanFactory.java:569) ~[spring-beans-6.2.10.jar!/:6.2.10]
	at org.springframework.beans.factory.support.AbstractAutowireCapableBeanFactory.createBean(AbstractAutowireCapableBeanFactory.java:529) ~[spring-beans-6.2.10.jar!/:6.2.10]
	at org.springframework.beans.factory.support.AbstractBeanFactory.lambda$doGetBean$0(AbstractBeanFactory.java:339) ~[spring-beans-6.2.10.jar!/:6.2.10]
	at org.springframework.beans.factory.support.DefaultSingletonBeanRegistry.getSingleton(DefaultSingletonBeanRegistry.java:373) ~[spring-beans-6.2.10.jar!/:6.2.10]
	at org.springframework.beans.factory.support.AbstractBeanFactory.doGetBean(AbstractBeanFactory.java:337) ~[spring-beans-6.2.10.jar!/:6.2.10]
	at org.springframework.beans.factory.support.AbstractBeanFactory.getBean(AbstractBeanFactory.java:202) ~[spring-beans-6.2.10.jar!/:6.2.10]
	at org.springframework.beans.factory.support.DefaultListableBeanFactory.doResolveDependency(DefaultListableBeanFactory.java:1690) ~[spring-beans-6.2.10.jar!/:6.2.10]
	at org.springframework.beans.factory.support.DefaultListableBeanFactory.resolveDependency(DefaultListableBeanFactory.java:1635) ~[spring-beans-6.2.10.jar!/:6.2.10]
	at org.springframework.beans.factory.support.ConstructorResolver.resolveAutowiredArgument(ConstructorResolver.java:913) ~[spring-beans-6.2.10.jar!/:6.2.10]
	at org.springframework.beans.factory.support.ConstructorResolver.createArgumentArray(ConstructorResolver.java:791) ~[spring-beans-6.2.10.jar!/:6.2.10]
	at org.springframework.beans.factory.support.ConstructorResolver.autowireConstructor(ConstructorResolver.java:240) ~[spring-beans-6.2.10.jar!/:6.2.10]
	at org.springframework.beans.factory.support.AbstractAutowireCapableBeanFactory.autowireConstructor(AbstractAutowireCapableBeanFactory.java:1395) ~[spring-beans-6.2.10.jar!/:6.2.10]
	at org.springframework.beans.factory.support.AbstractAutowireCapableBeanFactory.createBeanInstance(AbstractAutowireCapableBeanFactory.java:1232) ~[spring-beans-6.2.10.jar!/:6.2.10]
	at org.springframework.beans.factory.support.AbstractAutowireCapableBeanFactory.doCreateBean(AbstractAutowireCapableBeanFactory.java:569) ~[spring-beans-6.2.10.jar!/:6.2.10]
	at org.springframework.beans.factory.support.AbstractAutowireCapableBeanFactory.createBean(AbstractAutowireCapableBeanFactory.java:529) ~[spring-beans-6.2.10.jar!/:6.2.10]
	at org.springframework.beans.factory.support.AbstractBeanFactory.lambda$doGetBean$0(AbstractBeanFactory.java:339) ~[spring-beans-6.2.10.jar!/:6.2.10]
	at org.springframework.beans.factory.support.DefaultSingletonBeanRegistry.getSingleton(DefaultSingletonBeanRegistry.java:373) ~[spring-beans-6.2.10.jar!/:6.2.10]
	at org.springframework.beans.factory.support.AbstractBeanFactory.doGetBean(AbstractBeanFactory.java:337) ~[spring-beans-6.2.10.jar!/:6.2.10]
	at org.springframework.beans.factory.support.AbstractBeanFactory.getBean(AbstractBeanFactory.java:207) ~[spring-beans-6.2.10.jar!/:6.2.10]
	at org.springframework.boot.web.servlet.ServletContextInitializerBeans.getOrderedBeansOfType(ServletContextInitializerBeans.java:230) ~[spring-boot-3.5.5.jar!/:3.5.5]
	at org.springframework.boot.web.servlet.ServletContextInitializerBeans.addAsRegistrationBean(ServletContextInitializerBeans.java:184) ~[spring-boot-3.5.5.jar!/:3.5.5]
	at org.springframework.boot.web.servlet.ServletContextInitializerBeans.addAsRegistrationBean(ServletContextInitializerBeans.java:179) ~[spring-boot-3.5.5.jar!/:3.5.5]
	at org.springframework.boot.web.servlet.ServletContextInitializerBeans.addAdaptableBeans(ServletContextInitializerBeans.java:164) ~[spring-boot-3.5.5.jar!/:3.5.5]
	at org.springframework.boot.web.servlet.ServletContextInitializerBeans.<init>(ServletContextInitializerBeans.java:96) ~[spring-boot-3.5.5.jar!/:3.5.5]
	at org.springframework.boot.web.servlet.context.ServletWebServerApplicationContext.getServletContextInitializerBeans(ServletWebServerApplicationContext.java:271) ~[spring-boot-3.5.5.jar!/:3.5.5]
	at org.springframework.boot.web.servlet.context.ServletWebServerApplicationContext.selfInitialize(ServletWebServerApplicationContext.java:245) ~[spring-boot-3.5.5.jar!/:3.5.5]
	at org.springframework.boot.web.embedded.tomcat.TomcatStarter.onStartup(TomcatStarter.java:52) ~[spring-boot-3.5.5.jar!/:3.5.5]
	at org.apache.catalina.core.StandardContext.startInternal(StandardContext.java:4464) ~[tomcat-embed-core-10.1.44.jar!/:na]
	at org.apache.catalina.util.LifecycleBase.start(LifecycleBase.java:164) ~[tomcat-embed-core-10.1.44.jar!/:na]
	at org.apache.catalina.core.ContainerBase$StartChild.call(ContainerBase.java:1203) ~[tomcat-embed-core-10.1.44.jar!/:na]
	at org.apache.catalina.core.ContainerBase$StartChild.call(ContainerBase.java:1193) ~[tomcat-embed-core-10.1.44.jar!/:na]
	at java.base/java.util.concurrent.FutureTask.run(FutureTask.java:317) ~[na:na]
	at org.apache.tomcat.util.threads.InlineExecutorService.execute(InlineExecutorService.java:75) ~[tomcat-embed-core-10.1.44.jar!/:na]
	at java.base/java.util.concurrent.AbstractExecutorService.submit(AbstractExecutorService.java:145) ~[na:na]
	at org.apache.catalina.core.ContainerBase.startInternal(ContainerBase.java:749) ~[tomcat-embed-core-10.1.44.jar!/:na]
	at org.apache.catalina.core.StandardHost.startInternal(StandardHost.java:772) ~[tomcat-embed-core-10.1.44.jar!/:na]
	at org.apache.catalina.util.LifecycleBase.start(LifecycleBase.java:164) ~[tomcat-embed-core-10.1.44.jar!/:na]
	at org.apache.catalina.core.ContainerBase$StartChild.call(ContainerBase.java:1203) ~[tomcat-embed-core-10.1.44.jar!/:na]
	at org.apache.catalina.core.ContainerBase$StartChild.call(ContainerBase.java:1193) ~[tomcat-embed-core-10.1.44.jar!/:na]
	at java.base/java.util.concurrent.FutureTask.run(FutureTask.java:317) ~[na:na]
	at org.apache.tomcat.util.threads.InlineExecutorService.execute(InlineExecutorService.java:75) ~[tomcat-embed-core-10.1.44.jar!/:na]
	at java.base/java.util.concurrent.AbstractExecutorService.submit(AbstractExecutorService.java:145) ~[na:na]
	at org.apache.catalina.core.ContainerBase.startInternal(ContainerBase.java:749) ~[tomcat-embed-core-10.1.44.jar!/:na]
	at org.apache.catalina.core.StandardEngine.startInternal(StandardEngine.java:203) ~[tomcat-embed-core-10.1.44.jar!/:na]
	at org.apache.catalina.util.LifecycleBase.start(LifecycleBase.java:164) ~[tomcat-embed-core-10.1.44.jar!/:na]
	at org.apache.catalina.core.StandardService.startInternal(StandardService.java:412) ~[tomcat-embed-core-10.1.44.jar!/:na]
	at org.apache.catalina.util.LifecycleBase.start(LifecycleBase.java:164) ~[tomcat-embed-core-10.1.44.jar!/:na]
	at org.apache.catalina.core.StandardServer.startInternal(StandardServer.java:870) ~[tomcat-embed-core-10.1.44.jar!/:na]
	at org.apache.catalina.util.LifecycleBase.start(LifecycleBase.java:164) ~[tomcat-embed-core-10.1.44.jar!/:na]
	at org.apache.catalina.startup.Tomcat.start(Tomcat.java:438) ~[tomcat-embed-core-10.1.44.jar!/:na]
	at org.springframework.boot.web.embedded.tomcat.TomcatWebServer.initialize(TomcatWebServer.java:128) ~[spring-boot-3.5.5.jar!/:3.5.5]
	at org.springframework.boot.web.embedded.tomcat.TomcatWebServer.<init>(TomcatWebServer.java:107) ~[spring-boot-3.5.5.jar!/:3.5.5]
	at org.springframework.boot.web.embedded.tomcat.TomcatServletWebServerFactory.getTomcatWebServer(TomcatServletWebServerFactory.java:517) ~[spring-boot-3.5.5.jar!/:3.5.5]
	at org.springframework.boot.web.embedded.tomcat.TomcatServletWebServerFactory.getWebServer(TomcatServletWebServerFactory.java:219) ~[spring-boot-3.5.5.jar!/:3.5.5]
	at org.springframework.boot.web.servlet.context.ServletWebServerApplicationContext.createWebServer(ServletWebServerApplicationContext.java:193) ~[spring-boot-3.5.5.jar!/:3.5.5]
	at org.springframework.boot.web.servlet.context.ServletWebServerApplicationContext.onRefresh(ServletWebServerApplicationContext.java:167) ~[spring-boot-3.5.5.jar!/:3.5.5]
	at org.springframework.context.support.AbstractApplicationContext.refresh(AbstractApplicationContext.java:621) ~[spring-context-6.2.10.jar!/:6.2.10]
	at org.springframework.boot.web.servlet.context.ServletWebServerApplicationContext.refresh(ServletWebServerApplicationContext.java:146) ~[spring-boot-3.5.5.jar!/:3.5.5]
	at org.springframework.boot.SpringApplication.refresh(SpringApplication.java:752) ~[spring-boot-3.5.5.jar!/:3.5.5]
	at org.springframework.boot.SpringApplication.refreshContext(SpringApplication.java:439) ~[spring-boot-3.5.5.jar!/:3.5.5]
	at org.springframework.boot.SpringApplication.run(SpringApplication.java:318) ~[spring-boot-3.5.5.jar!/:3.5.5]
	at org.springframework.boot.SpringApplication.run(SpringApplication.java:1361) ~[spring-boot-3.5.5.jar!/:3.5.5]
	at org.springframework.boot.SpringApplication.run(SpringApplication.java:1350) ~[spring-boot-3.5.5.jar!/:3.5.5]
	at com.Auth.AuthService.AuthServiceApplication.main(AuthServiceApplication.java:10) ~[!/:0.0.1-SNAPSHOT]
	at java.base/jdk.internal.reflect.DirectMethodHandleAccessor.invoke(DirectMethodHandleAccessor.java:103) ~[na:na]
	at java.base/java.lang.reflect.Method.invoke(Method.java:580) ~[na:na]
	at org.springframework.boot.loader.launch.Launcher.launch(Launcher.java:102) ~[AuthService-0.0.1-SNAPSHOT.jar:0.0.1-SNAPSHOT]
	at org.springframework.boot.loader.launch.Launcher.launch(Launcher.java:64) ~[AuthService-0.0.1-SNAPSHOT.jar:0.0.1-SNAPSHOT]
	at org.springframework.boot.loader.launch.JarLauncher.main(JarLauncher.java:40) ~[AuthService-0.0.1-SNAPSHOT.jar:0.0.1-SNAPSHOT]
Caused by: org.postgresql.util.PSQLException: This connection has been closed.
	at org.postgresql.jdbc.PgConnection.checkClosed(PgConnection.java:1012) ~[postgresql-42.7.7.jar!/:42.7.7]
	at org.postgresql.jdbc.PgConnection.getAutoCommit(PgConnection.java:972) ~[postgresql-42.7.7.jar!/:42.7.7]
	at org.postgresql.jdbc.PgStatement.executeInternal(PgStatement.java:479) ~[postgresql-42.7.7.jar!/:42.7.7]
	at org.postgresql.jdbc.PgStatement.execute(PgStatement.java:435) ~[postgresql-42.7.7.jar!/:42.7.7]
	at org.postgresql.jdbc.PgStatement.executeWithFlags(PgStatement.java:357) ~[postgresql-42.7.7.jar!/:42.7.7]
	at org.postgresql.jdbc.PgStatement.executeCachedSql(PgStatement.java:342) ~[postgresql-42.7.7.jar!/:42.7.7]
	at org.postgresql.jdbc.PgStatement.executeWithFlags(PgStatement.java:318) ~[postgresql-42.7.7.jar!/:42.7.7]
	at org.postgresql.jdbc.PgStatement.execute(PgStatement.java:313) ~[postgresql-42.7.7.jar!/:42.7.7]
	at com.zaxxer.hikari.pool.ProxyStatement.execute(ProxyStatement.java:95) ~[HikariCP-6.3.2.jar!/:na]
	at com.zaxxer.hikari.pool.HikariProxyStatement.execute(HikariProxyStatement.java) ~[HikariCP-6.3.2.jar!/:na]
	at org.hibernate.tool.schema.internal.exec.GenerationTargetToDatabase.accept(GenerationTargetToDatabase.java:80) ~[hibernate-core-6.6.26.Final.jar!/:6.6.26.Final]
	... 127 common frames omitted

Hibernate: 
    alter table if exists users 
       alter column phone_number set data type varchar(255)
2025-11-05T13:34:59.649+05:30  WARN 40715 --- [           main] o.h.t.s.i.ExceptionHandlerLoggedImpl     : GenerationTarget encountered exception accepting command : Error executing DDL "
    alter table if exists users 
       alter column phone_number set data type varchar(255)" via JDBC [This connection has been closed.]

org.hibernate.tool.schema.spi.CommandAcceptanceException: Error executing DDL "
    alter table if exists users 
       alter column phone_number set data type varchar(255)" via JDBC [This connection has been closed.]
	at org.hibernate.tool.schema.internal.exec.GenerationTargetToDatabase.accept(GenerationTargetToDatabase.java:94) ~[hibernate-core-6.6.26.Final.jar!/:6.6.26.Final]
	at org.hibernate.tool.schema.internal.AbstractSchemaMigrator.applySqlString(AbstractSchemaMigrator.java:576) ~[hibernate-core-6.6.26.Final.jar!/:6.6.26.Final]
	at org.hibernate.tool.schema.internal.AbstractSchemaMigrator.applySqlStrings(AbstractSchemaMigrator.java:516) ~[hibernate-core-6.6.26.Final.jar!/:6.6.26.Final]
	at org.hibernate.tool.schema.internal.AbstractSchemaMigrator.migrateTable(AbstractSchemaMigrator.java:334) ~[hibernate-core-6.6.26.Final.jar!/:6.6.26.Final]
	at org.hibernate.tool.schema.internal.GroupedSchemaMigratorImpl.performTablesMigration(GroupedSchemaMigratorImpl.java:84) ~[hibernate-core-6.6.26.Final.jar!/:6.6.26.Final]
	at org.hibernate.tool.schema.internal.AbstractSchemaMigrator.performMigration(AbstractSchemaMigrator.java:233) ~[hibernate-core-6.6.26.Final.jar!/:6.6.26.Final]
	at org.hibernate.tool.schema.internal.AbstractSchemaMigrator.doMigration(AbstractSchemaMigrator.java:112) ~[hibernate-core-6.6.26.Final.jar!/:6.6.26.Final]
	at org.hibernate.tool.schema.spi.SchemaManagementToolCoordinator.performDatabaseAction(SchemaManagementToolCoordinator.java:280) ~[hibernate-core-6.6.26.Final.jar!/:6.6.26.Final]
	at org.hibernate.tool.schema.spi.SchemaManagementToolCoordinator.lambda$process$5(SchemaManagementToolCoordinator.java:144) ~[hibernate-core-6.6.26.Final.jar!/:6.6.26.Final]
	at java.base/java.util.HashMap.forEach(HashMap.java:1429) ~[na:na]
	at org.hibernate.tool.schema.spi.SchemaManagementToolCoordinator.process(SchemaManagementToolCoordinator.java:141) ~[hibernate-core-6.6.26.Final.jar!/:6.6.26.Final]
	at org.hibernate.boot.internal.SessionFactoryObserverForSchemaExport.sessionFactoryCreated(SessionFactoryObserverForSchemaExport.java:37) ~[hibernate-core-6.6.26.Final.jar!/:6.6.26.Final]
	at org.hibernate.internal.SessionFactoryObserverChain.sessionFactoryCreated(SessionFactoryObserverChain.java:35) ~[hibernate-core-6.6.26.Final.jar!/:6.6.26.Final]
	at org.hibernate.internal.SessionFactoryImpl.<init>(SessionFactoryImpl.java:324) ~[hibernate-core-6.6.26.Final.jar!/:6.6.26.Final]
	at org.hibernate.boot.internal.SessionFactoryBuilderImpl.build(SessionFactoryBuilderImpl.java:463) ~[hibernate-core-6.6.26.Final.jar!/:6.6.26.Final]
	at org.hibernate.jpa.boot.internal.EntityManagerFactoryBuilderImpl.build(EntityManagerFactoryBuilderImpl.java:1517) ~[hibernate-core-6.6.26.Final.jar!/:6.6.26.Final]
	at org.springframework.orm.jpa.vendor.SpringHibernateJpaPersistenceProvider.createContainerEntityManagerFactory(SpringHibernateJpaPersistenceProvider.java:66) ~[spring-orm-6.2.10.jar!/:6.2.10]
	at org.springframework.orm.jpa.LocalContainerEntityManagerFactoryBean.createNativeEntityManagerFactory(LocalContainerEntityManagerFactoryBean.java:390) ~[spring-orm-6.2.10.jar!/:6.2.10]
	at org.springframework.orm.jpa.AbstractEntityManagerFactoryBean.buildNativeEntityManagerFactory(AbstractEntityManagerFactoryBean.java:419) ~[spring-orm-6.2.10.jar!/:6.2.10]
	at org.springframework.orm.jpa.AbstractEntityManagerFactoryBean.afterPropertiesSet(AbstractEntityManagerFactoryBean.java:400) ~[spring-orm-6.2.10.jar!/:6.2.10]
	at org.springframework.orm.jpa.LocalContainerEntityManagerFactoryBean.afterPropertiesSet(LocalContainerEntityManagerFactoryBean.java:366) ~[spring-orm-6.2.10.jar!/:6.2.10]
	at org.springframework.beans.factory.support.AbstractAutowireCapableBeanFactory.invokeInitMethods(AbstractAutowireCapableBeanFactory.java:1873) ~[spring-beans-6.2.10.jar!/:6.2.10]
	at org.springframework.beans.factory.support.AbstractAutowireCapableBeanFactory.initializeBean(AbstractAutowireCapableBeanFactory.java:1822) ~[spring-beans-6.2.10.jar!/:6.2.10]
	at org.springframework.beans.factory.support.AbstractAutowireCapableBeanFactory.doCreateBean(AbstractAutowireCapableBeanFactory.java:607) ~[spring-beans-6.2.10.jar!/:6.2.10]
	at org.springframework.beans.factory.support.AbstractAutowireCapableBeanFactory.createBean(AbstractAutowireCapableBeanFactory.java:529) ~[spring-beans-6.2.10.jar!/:6.2.10]
	at org.springframework.beans.factory.support.AbstractBeanFactory.lambda$doGetBean$0(AbstractBeanFactory.java:339) ~[spring-beans-6.2.10.jar!/:6.2.10]
	at org.springframework.beans.factory.support.DefaultSingletonBeanRegistry.getSingleton(DefaultSingletonBeanRegistry.java:373) ~[spring-beans-6.2.10.jar!/:6.2.10]
	at org.springframework.beans.factory.support.AbstractBeanFactory.doGetBean(AbstractBeanFactory.java:337) ~[spring-beans-6.2.10.jar!/:6.2.10]
	at org.springframework.beans.factory.support.AbstractBeanFactory.getBean(AbstractBeanFactory.java:202) ~[spring-beans-6.2.10.jar!/:6.2.10]
	at org.springframework.beans.factory.support.BeanDefinitionValueResolver.resolveReference(BeanDefinitionValueResolver.java:365) ~[spring-beans-6.2.10.jar!/:6.2.10]
	at org.springframework.beans.factory.support.BeanDefinitionValueResolver.resolveValueIfNecessary(BeanDefinitionValueResolver.java:135) ~[spring-beans-6.2.10.jar!/:6.2.10]
	at org.springframework.beans.factory.support.ConstructorResolver.resolveConstructorArguments(ConstructorResolver.java:691) ~[spring-beans-6.2.10.jar!/:6.2.10]
	at org.springframework.beans.factory.support.ConstructorResolver.instantiateUsingFactoryMethod(ConstructorResolver.java:513) ~[spring-beans-6.2.10.jar!/:6.2.10]
	at org.springframework.beans.factory.support.AbstractAutowireCapableBeanFactory.instantiateUsingFactoryMethod(AbstractAutowireCapableBeanFactory.java:1375) ~[spring-beans-6.2.10.jar!/:6.2.10]
	at org.springframework.beans.factory.support.AbstractAutowireCapableBeanFactory.createBeanInstance(AbstractAutowireCapableBeanFactory.java:1205) ~[spring-beans-6.2.10.jar!/:6.2.10]
	at org.springframework.beans.factory.support.AbstractAutowireCapableBeanFactory.doCreateBean(AbstractAutowireCapableBeanFactory.java:569) ~[spring-beans-6.2.10.jar!/:6.2.10]
	at org.springframework.beans.factory.support.AbstractAutowireCapableBeanFactory.createBean(AbstractAutowireCapableBeanFactory.java:529) ~[spring-beans-6.2.10.jar!/:6.2.10]
	at org.springframework.beans.factory.support.AbstractBeanFactory.lambda$doGetBean$0(AbstractBeanFactory.java:339) ~[spring-beans-6.2.10.jar!/:6.2.10]
	at org.springframework.beans.factory.support.DefaultSingletonBeanRegistry.getSingleton(DefaultSingletonBeanRegistry.java:373) ~[spring-beans-6.2.10.jar!/:6.2.10]
	at org.springframework.beans.factory.support.AbstractBeanFactory.doGetBean(AbstractBeanFactory.java:337) ~[spring-beans-6.2.10.jar!/:6.2.10]
	at org.springframework.beans.factory.support.AbstractBeanFactory.getBean(AbstractBeanFactory.java:202) ~[spring-beans-6.2.10.jar!/:6.2.10]
	at org.springframework.beans.factory.support.BeanDefinitionValueResolver.resolveReference(BeanDefinitionValueResolver.java:365) ~[spring-beans-6.2.10.jar!/:6.2.10]
	at org.springframework.beans.factory.support.BeanDefinitionValueResolver.resolveValueIfNecessary(BeanDefinitionValueResolver.java:135) ~[spring-beans-6.2.10.jar!/:6.2.10]
	at org.springframework.beans.factory.support.AbstractAutowireCapableBeanFactory.applyPropertyValues(AbstractAutowireCapableBeanFactory.java:1725) ~[spring-beans-6.2.10.jar!/:6.2.10]
	at org.springframework.beans.factory.support.AbstractAutowireCapableBeanFactory.populateBean(AbstractAutowireCapableBeanFactory.java:1474) ~[spring-beans-6.2.10.jar!/:6.2.10]
	at org.springframework.beans.factory.support.AbstractAutowireCapableBeanFactory.doCreateBean(AbstractAutowireCapableBeanFactory.java:606) ~[spring-beans-6.2.10.jar!/:6.2.10]
	at org.springframework.beans.factory.support.AbstractAutowireCapableBeanFactory.createBean(AbstractAutowireCapableBeanFactory.java:529) ~[spring-beans-6.2.10.jar!/:6.2.10]
	at org.springframework.beans.factory.support.AbstractBeanFactory.lambda$doGetBean$0(AbstractBeanFactory.java:339) ~[spring-beans-6.2.10.jar!/:6.2.10]
	at org.springframework.beans.factory.support.DefaultSingletonBeanRegistry.getSingleton(DefaultSingletonBeanRegistry.java:373) ~[spring-beans-6.2.10.jar!/:6.2.10]
	at org.springframework.beans.factory.support.AbstractBeanFactory.doGetBean(AbstractBeanFactory.java:337) ~[spring-beans-6.2.10.jar!/:6.2.10]
	at org.springframework.beans.factory.support.AbstractBeanFactory.getBean(AbstractBeanFactory.java:202) ~[spring-beans-6.2.10.jar!/:6.2.10]
	at org.springframework.beans.factory.config.DependencyDescriptor.resolveCandidate(DependencyDescriptor.java:254) ~[spring-beans-6.2.10.jar!/:6.2.10]
	at org.springframework.beans.factory.support.DefaultListableBeanFactory.doResolveDependency(DefaultListableBeanFactory.java:1752) ~[spring-beans-6.2.10.jar!/:6.2.10]
	at org.springframework.beans.factory.support.DefaultListableBeanFactory.resolveDependency(DefaultListableBeanFactory.java:1635) ~[spring-beans-6.2.10.jar!/:6.2.10]
	at org.springframework.beans.factory.support.ConstructorResolver.resolveAutowiredArgument(ConstructorResolver.java:913) ~[spring-beans-6.2.10.jar!/:6.2.10]
	at org.springframework.beans.factory.support.ConstructorResolver.createArgumentArray(ConstructorResolver.java:791) ~[spring-beans-6.2.10.jar!/:6.2.10]
	at org.springframework.beans.factory.support.ConstructorResolver.autowireConstructor(ConstructorResolver.java:240) ~[spring-beans-6.2.10.jar!/:6.2.10]
	at org.springframework.beans.factory.support.AbstractAutowireCapableBeanFactory.autowireConstructor(AbstractAutowireCapableBeanFactory.java:1395) ~[spring-beans-6.2.10.jar!/:6.2.10]
	at org.springframework.beans.factory.support.AbstractAutowireCapableBeanFactory.createBeanInstance(AbstractAutowireCapableBeanFactory.java:1232) ~[spring-beans-6.2.10.jar!/:6.2.10]
	at org.springframework.beans.factory.support.AbstractAutowireCapableBeanFactory.doCreateBean(AbstractAutowireCapableBeanFactory.java:569) ~[spring-beans-6.2.10.jar!/:6.2.10]
	at org.springframework.beans.factory.support.AbstractAutowireCapableBeanFactory.createBean(AbstractAutowireCapableBeanFactory.java:529) ~[spring-beans-6.2.10.jar!/:6.2.10]
	at org.springframework.beans.factory.support.AbstractBeanFactory.lambda$doGetBean$0(AbstractBeanFactory.java:339) ~[spring-beans-6.2.10.jar!/:6.2.10]
	at org.springframework.beans.factory.support.DefaultSingletonBeanRegistry.getSingleton(DefaultSingletonBeanRegistry.java:373) ~[spring-beans-6.2.10.jar!/:6.2.10]
	at org.springframework.beans.factory.support.AbstractBeanFactory.doGetBean(AbstractBeanFactory.java:337) ~[spring-beans-6.2.10.jar!/:6.2.10]
	at org.springframework.beans.factory.support.AbstractBeanFactory.getBean(AbstractBeanFactory.java:202) ~[spring-beans-6.2.10.jar!/:6.2.10]
	at org.springframework.beans.factory.support.DefaultListableBeanFactory.doResolveDependency(DefaultListableBeanFactory.java:1690) ~[spring-beans-6.2.10.jar!/:6.2.10]
	at org.springframework.beans.factory.support.DefaultListableBeanFactory.resolveDependency(DefaultListableBeanFactory.java:1635) ~[spring-beans-6.2.10.jar!/:6.2.10]
	at org.springframework.beans.factory.support.ConstructorResolver.resolveAutowiredArgument(ConstructorResolver.java:913) ~[spring-beans-6.2.10.jar!/:6.2.10]
	at org.springframework.beans.factory.support.ConstructorResolver.createArgumentArray(ConstructorResolver.java:791) ~[spring-beans-6.2.10.jar!/:6.2.10]
	at org.springframework.beans.factory.support.ConstructorResolver.autowireConstructor(ConstructorResolver.java:240) ~[spring-beans-6.2.10.jar!/:6.2.10]
	at org.springframework.beans.factory.support.AbstractAutowireCapableBeanFactory.autowireConstructor(AbstractAutowireCapableBeanFactory.java:1395) ~[spring-beans-6.2.10.jar!/:6.2.10]
	at org.springframework.beans.factory.support.AbstractAutowireCapableBeanFactory.createBeanInstance(AbstractAutowireCapableBeanFactory.java:1232) ~[spring-beans-6.2.10.jar!/:6.2.10]
	at org.springframework.beans.factory.support.AbstractAutowireCapableBeanFactory.doCreateBean(AbstractAutowireCapableBeanFactory.java:569) ~[spring-beans-6.2.10.jar!/:6.2.10]
	at org.springframework.beans.factory.support.AbstractAutowireCapableBeanFactory.createBean(AbstractAutowireCapableBeanFactory.java:529) ~[spring-beans-6.2.10.jar!/:6.2.10]
	at org.springframework.beans.factory.support.AbstractBeanFactory.lambda$doGetBean$0(AbstractBeanFactory.java:339) ~[spring-beans-6.2.10.jar!/:6.2.10]
	at org.springframework.beans.factory.support.DefaultSingletonBeanRegistry.getSingleton(DefaultSingletonBeanRegistry.java:373) ~[spring-beans-6.2.10.jar!/:6.2.10]
	at org.springframework.beans.factory.support.AbstractBeanFactory.doGetBean(AbstractBeanFactory.java:337) ~[spring-beans-6.2.10.jar!/:6.2.10]
	at org.springframework.beans.factory.support.AbstractBeanFactory.getBean(AbstractBeanFactory.java:207) ~[spring-beans-6.2.10.jar!/:6.2.10]
	at org.springframework.boot.web.servlet.ServletContextInitializerBeans.getOrderedBeansOfType(ServletContextInitializerBeans.java:230) ~[spring-boot-3.5.5.jar!/:3.5.5]
	at org.springframework.boot.web.servlet.ServletContextInitializerBeans.addAsRegistrationBean(ServletContextInitializerBeans.java:184) ~[spring-boot-3.5.5.jar!/:3.5.5]
	at org.springframework.boot.web.servlet.ServletContextInitializerBeans.addAsRegistrationBean(ServletContextInitializerBeans.java:179) ~[spring-boot-3.5.5.jar!/:3.5.5]
	at org.springframework.boot.web.servlet.ServletContextInitializerBeans.addAdaptableBeans(ServletContextInitializerBeans.java:164) ~[spring-boot-3.5.5.jar!/:3.5.5]
	at org.springframework.boot.web.servlet.ServletContextInitializerBeans.<init>(ServletContextInitializerBeans.java:96) ~[spring-boot-3.5.5.jar!/:3.5.5]
	at org.springframework.boot.web.servlet.context.ServletWebServerApplicationContext.getServletContextInitializerBeans(ServletWebServerApplicationContext.java:271) ~[spring-boot-3.5.5.jar!/:3.5.5]
	at org.springframework.boot.web.servlet.context.ServletWebServerApplicationContext.selfInitialize(ServletWebServerApplicationContext.java:245) ~[spring-boot-3.5.5.jar!/:3.5.5]
	at org.springframework.boot.web.embedded.tomcat.TomcatStarter.onStartup(TomcatStarter.java:52) ~[spring-boot-3.5.5.jar!/:3.5.5]
	at org.apache.catalina.core.StandardContext.startInternal(StandardContext.java:4464) ~[tomcat-embed-core-10.1.44.jar!/:na]
	at org.apache.catalina.util.LifecycleBase.start(LifecycleBase.java:164) ~[tomcat-embed-core-10.1.44.jar!/:na]
	at org.apache.catalina.core.ContainerBase$StartChild.call(ContainerBase.java:1203) ~[tomcat-embed-core-10.1.44.jar!/:na]
	at org.apache.catalina.core.ContainerBase$StartChild.call(ContainerBase.java:1193) ~[tomcat-embed-core-10.1.44.jar!/:na]
	at java.base/java.util.concurrent.FutureTask.run(FutureTask.java:317) ~[na:na]
	at org.apache.tomcat.util.threads.InlineExecutorService.execute(InlineExecutorService.java:75) ~[tomcat-embed-core-10.1.44.jar!/:na]
	at java.base/java.util.concurrent.AbstractExecutorService.submit(AbstractExecutorService.java:145) ~[na:na]
	at org.apache.catalina.core.ContainerBase.startInternal(ContainerBase.java:749) ~[tomcat-embed-core-10.1.44.jar!/:na]
	at org.apache.catalina.core.StandardHost.startInternal(StandardHost.java:772) ~[tomcat-embed-core-10.1.44.jar!/:na]
	at org.apache.catalina.util.LifecycleBase.start(LifecycleBase.java:164) ~[tomcat-embed-core-10.1.44.jar!/:na]
	at org.apache.catalina.core.ContainerBase$StartChild.call(ContainerBase.java:1203) ~[tomcat-embed-core-10.1.44.jar!/:na]
	at org.apache.catalina.core.ContainerBase$StartChild.call(ContainerBase.java:1193) ~[tomcat-embed-core-10.1.44.jar!/:na]
	at java.base/java.util.concurrent.FutureTask.run(FutureTask.java:317) ~[na:na]
	at org.apache.tomcat.util.threads.InlineExecutorService.execute(InlineExecutorService.java:75) ~[tomcat-embed-core-10.1.44.jar!/:na]
	at java.base/java.util.concurrent.AbstractExecutorService.submit(AbstractExecutorService.java:145) ~[na:na]
	at org.apache.catalina.core.ContainerBase.startInternal(ContainerBase.java:749) ~[tomcat-embed-core-10.1.44.jar!/:na]
	at org.apache.catalina.core.StandardEngine.startInternal(StandardEngine.java:203) ~[tomcat-embed-core-10.1.44.jar!/:na]
	at org.apache.catalina.util.LifecycleBase.start(LifecycleBase.java:164) ~[tomcat-embed-core-10.1.44.jar!/:na]
	at org.apache.catalina.core.StandardService.startInternal(StandardService.java:412) ~[tomcat-embed-core-10.1.44.jar!/:na]
	at org.apache.catalina.util.LifecycleBase.start(LifecycleBase.java:164) ~[tomcat-embed-core-10.1.44.jar!/:na]
	at org.apache.catalina.core.StandardServer.startInternal(StandardServer.java:870) ~[tomcat-embed-core-10.1.44.jar!/:na]
	at org.apache.catalina.util.LifecycleBase.start(LifecycleBase.java:164) ~[tomcat-embed-core-10.1.44.jar!/:na]
	at org.apache.catalina.startup.Tomcat.start(Tomcat.java:438) ~[tomcat-embed-core-10.1.44.jar!/:na]
	at org.springframework.boot.web.embedded.tomcat.TomcatWebServer.initialize(TomcatWebServer.java:128) ~[spring-boot-3.5.5.jar!/:3.5.5]
	at org.springframework.boot.web.embedded.tomcat.TomcatWebServer.<init>(TomcatWebServer.java:107) ~[spring-boot-3.5.5.jar!/:3.5.5]
	at org.springframework.boot.web.embedded.tomcat.TomcatServletWebServerFactory.getTomcatWebServer(TomcatServletWebServerFactory.java:517) ~[spring-boot-3.5.5.jar!/:3.5.5]
	at org.springframework.boot.web.embedded.tomcat.TomcatServletWebServerFactory.getWebServer(TomcatServletWebServerFactory.java:219) ~[spring-boot-3.5.5.jar!/:3.5.5]
	at org.springframework.boot.web.servlet.context.ServletWebServerApplicationContext.createWebServer(ServletWebServerApplicationContext.java:193) ~[spring-boot-3.5.5.jar!/:3.5.5]
	at org.springframework.boot.web.servlet.context.ServletWebServerApplicationContext.onRefresh(ServletWebServerApplicationContext.java:167) ~[spring-boot-3.5.5.jar!/:3.5.5]
	at org.springframework.context.support.AbstractApplicationContext.refresh(AbstractApplicationContext.java:621) ~[spring-context-6.2.10.jar!/:6.2.10]
	at org.springframework.boot.web.servlet.context.ServletWebServerApplicationContext.refresh(ServletWebServerApplicationContext.java:146) ~[spring-boot-3.5.5.jar!/:3.5.5]
	at org.springframework.boot.SpringApplication.refresh(SpringApplication.java:752) ~[spring-boot-3.5.5.jar!/:3.5.5]
	at org.springframework.boot.SpringApplication.refreshContext(SpringApplication.java:439) ~[spring-boot-3.5.5.jar!/:3.5.5]
	at org.springframework.boot.SpringApplication.run(SpringApplication.java:318) ~[spring-boot-3.5.5.jar!/:3.5.5]
	at org.springframework.boot.SpringApplication.run(SpringApplication.java:1361) ~[spring-boot-3.5.5.jar!/:3.5.5]
	at org.springframework.boot.SpringApplication.run(SpringApplication.java:1350) ~[spring-boot-3.5.5.jar!/:3.5.5]
	at com.Auth.AuthService.AuthServiceApplication.main(AuthServiceApplication.java:10) ~[!/:0.0.1-SNAPSHOT]
	at java.base/jdk.internal.reflect.DirectMethodHandleAccessor.invoke(DirectMethodHandleAccessor.java:103) ~[na:na]
	at java.base/java.lang.reflect.Method.invoke(Method.java:580) ~[na:na]
	at org.springframework.boot.loader.launch.Launcher.launch(Launcher.java:102) ~[AuthService-0.0.1-SNAPSHOT.jar:0.0.1-SNAPSHOT]
	at org.springframework.boot.loader.launch.Launcher.launch(Launcher.java:64) ~[AuthService-0.0.1-SNAPSHOT.jar:0.0.1-SNAPSHOT]
	at org.springframework.boot.loader.launch.JarLauncher.main(JarLauncher.java:40) ~[AuthService-0.0.1-SNAPSHOT.jar:0.0.1-SNAPSHOT]
Caused by: org.postgresql.util.PSQLException: This connection has been closed.
	at org.postgresql.jdbc.PgConnection.checkClosed(PgConnection.java:1012) ~[postgresql-42.7.7.jar!/:42.7.7]
	at org.postgresql.jdbc.PgConnection.getAutoCommit(PgConnection.java:972) ~[postgresql-42.7.7.jar!/:42.7.7]
	at org.postgresql.jdbc.PgStatement.executeInternal(PgStatement.java:479) ~[postgresql-42.7.7.jar!/:42.7.7]
	at org.postgresql.jdbc.PgStatement.execute(PgStatement.java:435) ~[postgresql-42.7.7.jar!/:42.7.7]
	at org.postgresql.jdbc.PgStatement.executeWithFlags(PgStatement.java:357) ~[postgresql-42.7.7.jar!/:42.7.7]
	at org.postgresql.jdbc.PgStatement.executeCachedSql(PgStatement.java:342) ~[postgresql-42.7.7.jar!/:42.7.7]
	at org.postgresql.jdbc.PgStatement.executeWithFlags(PgStatement.java:318) ~[postgresql-42.7.7.jar!/:42.7.7]
	at org.postgresql.jdbc.PgStatement.execute(PgStatement.java:313) ~[postgresql-42.7.7.jar!/:42.7.7]
	at com.zaxxer.hikari.pool.ProxyStatement.execute(ProxyStatement.java:95) ~[HikariCP-6.3.2.jar!/:na]
	at com.zaxxer.hikari.pool.HikariProxyStatement.execute(HikariProxyStatement.java) ~[HikariCP-6.3.2.jar!/:na]
	at org.hibernate.tool.schema.internal.exec.GenerationTargetToDatabase.accept(GenerationTargetToDatabase.java:80) ~[hibernate-core-6.6.26.Final.jar!/:6.6.26.Final]
	... 127 common frames omitted

Hibernate: 
    alter table if exists users 
       alter column role set data type varchar(255)
2025-11-05T13:34:59.650+05:30  WARN 40715 --- [           main] o.h.t.s.i.ExceptionHandlerLoggedImpl     : GenerationTarget encountered exception accepting command : Error executing DDL "
    alter table if exists users 
       alter column role set data type varchar(255)" via JDBC [This connection has been closed.]

org.hibernate.tool.schema.spi.CommandAcceptanceException: Error executing DDL "
    alter table if exists users 
       alter column role set data type varchar(255)" via JDBC [This connection has been closed.]
	at org.hibernate.tool.schema.internal.exec.GenerationTargetToDatabase.accept(GenerationTargetToDatabase.java:94) ~[hibernate-core-6.6.26.Final.jar!/:6.6.26.Final]
	at org.hibernate.tool.schema.internal.AbstractSchemaMigrator.applySqlString(AbstractSchemaMigrator.java:576) ~[hibernate-core-6.6.26.Final.jar!/:6.6.26.Final]
	at org.hibernate.tool.schema.internal.AbstractSchemaMigrator.applySqlStrings(AbstractSchemaMigrator.java:516) ~[hibernate-core-6.6.26.Final.jar!/:6.6.26.Final]
	at org.hibernate.tool.schema.internal.AbstractSchemaMigrator.migrateTable(AbstractSchemaMigrator.java:334) ~[hibernate-core-6.6.26.Final.jar!/:6.6.26.Final]
	at org.hibernate.tool.schema.internal.GroupedSchemaMigratorImpl.performTablesMigration(GroupedSchemaMigratorImpl.java:84) ~[hibernate-core-6.6.26.Final.jar!/:6.6.26.Final]
	at org.hibernate.tool.schema.internal.AbstractSchemaMigrator.performMigration(AbstractSchemaMigrator.java:233) ~[hibernate-core-6.6.26.Final.jar!/:6.6.26.Final]
	at org.hibernate.tool.schema.internal.AbstractSchemaMigrator.doMigration(AbstractSchemaMigrator.java:112) ~[hibernate-core-6.6.26.Final.jar!/:6.6.26.Final]
	at org.hibernate.tool.schema.spi.SchemaManagementToolCoordinator.performDatabaseAction(SchemaManagementToolCoordinator.java:280) ~[hibernate-core-6.6.26.Final.jar!/:6.6.26.Final]
	at org.hibernate.tool.schema.spi.SchemaManagementToolCoordinator.lambda$process$5(SchemaManagementToolCoordinator.java:144) ~[hibernate-core-6.6.26.Final.jar!/:6.6.26.Final]
	at java.base/java.util.HashMap.forEach(HashMap.java:1429) ~[na:na]
	at org.hibernate.tool.schema.spi.SchemaManagementToolCoordinator.process(SchemaManagementToolCoordinator.java:141) ~[hibernate-core-6.6.26.Final.jar!/:6.6.26.Final]
	at org.hibernate.boot.internal.SessionFactoryObserverForSchemaExport.sessionFactoryCreated(SessionFactoryObserverForSchemaExport.java:37) ~[hibernate-core-6.6.26.Final.jar!/:6.6.26.Final]
	at org.hibernate.internal.SessionFactoryObserverChain.sessionFactoryCreated(SessionFactoryObserverChain.java:35) ~[hibernate-core-6.6.26.Final.jar!/:6.6.26.Final]
	at org.hibernate.internal.SessionFactoryImpl.<init>(SessionFactoryImpl.java:324) ~[hibernate-core-6.6.26.Final.jar!/:6.6.26.Final]
	at org.hibernate.boot.internal.SessionFactoryBuilderImpl.build(SessionFactoryBuilderImpl.java:463) ~[hibernate-core-6.6.26.Final.jar!/:6.6.26.Final]
	at org.hibernate.jpa.boot.internal.EntityManagerFactoryBuilderImpl.build(EntityManagerFactoryBuilderImpl.java:1517) ~[hibernate-core-6.6.26.Final.jar!/:6.6.26.Final]
	at org.springframework.orm.jpa.vendor.SpringHibernateJpaPersistenceProvider.createContainerEntityManagerFactory(SpringHibernateJpaPersistenceProvider.java:66) ~[spring-orm-6.2.10.jar!/:6.2.10]
	at org.springframework.orm.jpa.LocalContainerEntityManagerFactoryBean.createNativeEntityManagerFactory(LocalContainerEntityManagerFactoryBean.java:390) ~[spring-orm-6.2.10.jar!/:6.2.10]
	at org.springframework.orm.jpa.AbstractEntityManagerFactoryBean.buildNativeEntityManagerFactory(AbstractEntityManagerFactoryBean.java:419) ~[spring-orm-6.2.10.jar!/:6.2.10]
	at org.springframework.orm.jpa.AbstractEntityManagerFactoryBean.afterPropertiesSet(AbstractEntityManagerFactoryBean.java:400) ~[spring-orm-6.2.10.jar!/:6.2.10]
	at org.springframework.orm.jpa.LocalContainerEntityManagerFactoryBean.afterPropertiesSet(LocalContainerEntityManagerFactoryBean.java:366) ~[spring-orm-6.2.10.jar!/:6.2.10]
	at org.springframework.beans.factory.support.AbstractAutowireCapableBeanFactory.invokeInitMethods(AbstractAutowireCapableBeanFactory.java:1873) ~[spring-beans-6.2.10.jar!/:6.2.10]
	at org.springframework.beans.factory.support.AbstractAutowireCapableBeanFactory.initializeBean(AbstractAutowireCapableBeanFactory.java:1822) ~[spring-beans-6.2.10.jar!/:6.2.10]
	at org.springframework.beans.factory.support.AbstractAutowireCapableBeanFactory.doCreateBean(AbstractAutowireCapableBeanFactory.java:607) ~[spring-beans-6.2.10.jar!/:6.2.10]
	at org.springframework.beans.factory.support.AbstractAutowireCapableBeanFactory.createBean(AbstractAutowireCapableBeanFactory.java:529) ~[spring-beans-6.2.10.jar!/:6.2.10]
	at org.springframework.beans.factory.support.AbstractBeanFactory.lambda$doGetBean$0(AbstractBeanFactory.java:339) ~[spring-beans-6.2.10.jar!/:6.2.10]
	at org.springframework.beans.factory.support.DefaultSingletonBeanRegistry.getSingleton(DefaultSingletonBeanRegistry.java:373) ~[spring-beans-6.2.10.jar!/:6.2.10]
	at org.springframework.beans.factory.support.AbstractBeanFactory.doGetBean(AbstractBeanFactory.java:337) ~[spring-beans-6.2.10.jar!/:6.2.10]
	at org.springframework.beans.factory.support.AbstractBeanFactory.getBean(AbstractBeanFactory.java:202) ~[spring-beans-6.2.10.jar!/:6.2.10]
	at org.springframework.beans.factory.support.BeanDefinitionValueResolver.resolveReference(BeanDefinitionValueResolver.java:365) ~[spring-beans-6.2.10.jar!/:6.2.10]
	at org.springframework.beans.factory.support.BeanDefinitionValueResolver.resolveValueIfNecessary(BeanDefinitionValueResolver.java:135) ~[spring-beans-6.2.10.jar!/:6.2.10]
	at org.springframework.beans.factory.support.ConstructorResolver.resolveConstructorArguments(ConstructorResolver.java:691) ~[spring-beans-6.2.10.jar!/:6.2.10]
	at org.springframework.beans.factory.support.ConstructorResolver.instantiateUsingFactoryMethod(ConstructorResolver.java:513) ~[spring-beans-6.2.10.jar!/:6.2.10]
	at org.springframework.beans.factory.support.AbstractAutowireCapableBeanFactory.instantiateUsingFactoryMethod(AbstractAutowireCapableBeanFactory.java:1375) ~[spring-beans-6.2.10.jar!/:6.2.10]
	at org.springframework.beans.factory.support.AbstractAutowireCapableBeanFactory.createBeanInstance(AbstractAutowireCapableBeanFactory.java:1205) ~[spring-beans-6.2.10.jar!/:6.2.10]
	at org.springframework.beans.factory.support.AbstractAutowireCapableBeanFactory.doCreateBean(AbstractAutowireCapableBeanFactory.java:569) ~[spring-beans-6.2.10.jar!/:6.2.10]
	at org.springframework.beans.factory.support.AbstractAutowireCapableBeanFactory.createBean(AbstractAutowireCapableBeanFactory.java:529) ~[spring-beans-6.2.10.jar!/:6.2.10]
	at org.springframework.beans.factory.support.AbstractBeanFactory.lambda$doGetBean$0(AbstractBeanFactory.java:339) ~[spring-beans-6.2.10.jar!/:6.2.10]
	at org.springframework.beans.factory.support.DefaultSingletonBeanRegistry.getSingleton(DefaultSingletonBeanRegistry.java:373) ~[spring-beans-6.2.10.jar!/:6.2.10]
	at org.springframework.beans.factory.support.AbstractBeanFactory.doGetBean(AbstractBeanFactory.java:337) ~[spring-beans-6.2.10.jar!/:6.2.10]
	at org.springframework.beans.factory.support.AbstractBeanFactory.getBean(AbstractBeanFactory.java:202) ~[spring-beans-6.2.10.jar!/:6.2.10]
	at org.springframework.beans.factory.support.BeanDefinitionValueResolver.resolveReference(BeanDefinitionValueResolver.java:365) ~[spring-beans-6.2.10.jar!/:6.2.10]
	at org.springframework.beans.factory.support.BeanDefinitionValueResolver.resolveValueIfNecessary(BeanDefinitionValueResolver.java:135) ~[spring-beans-6.2.10.jar!/:6.2.10]
	at org.springframework.beans.factory.support.AbstractAutowireCapableBeanFactory.applyPropertyValues(AbstractAutowireCapableBeanFactory.java:1725) ~[spring-beans-6.2.10.jar!/:6.2.10]
	at org.springframework.beans.factory.support.AbstractAutowireCapableBeanFactory.populateBean(AbstractAutowireCapableBeanFactory.java:1474) ~[spring-beans-6.2.10.jar!/:6.2.10]
	at org.springframework.beans.factory.support.AbstractAutowireCapableBeanFactory.doCreateBean(AbstractAutowireCapableBeanFactory.java:606) ~[spring-beans-6.2.10.jar!/:6.2.10]
	at org.springframework.beans.factory.support.AbstractAutowireCapableBeanFactory.createBean(AbstractAutowireCapableBeanFactory.java:529) ~[spring-beans-6.2.10.jar!/:6.2.10]
	at org.springframework.beans.factory.support.AbstractBeanFactory.lambda$doGetBean$0(AbstractBeanFactory.java:339) ~[spring-beans-6.2.10.jar!/:6.2.10]
	at org.springframework.beans.factory.support.DefaultSingletonBeanRegistry.getSingleton(DefaultSingletonBeanRegistry.java:373) ~[spring-beans-6.2.10.jar!/:6.2.10]
	at org.springframework.beans.factory.support.AbstractBeanFactory.doGetBean(AbstractBeanFactory.java:337) ~[spring-beans-6.2.10.jar!/:6.2.10]
	at org.springframework.beans.factory.support.AbstractBeanFactory.getBean(AbstractBeanFactory.java:202) ~[spring-beans-6.2.10.jar!/:6.2.10]
	at org.springframework.beans.factory.config.DependencyDescriptor.resolveCandidate(DependencyDescriptor.java:254) ~[spring-beans-6.2.10.jar!/:6.2.10]
	at org.springframework.beans.factory.support.DefaultListableBeanFactory.doResolveDependency(DefaultListableBeanFactory.java:1752) ~[spring-beans-6.2.10.jar!/:6.2.10]
	at org.springframework.beans.factory.support.DefaultListableBeanFactory.resolveDependency(DefaultListableBeanFactory.java:1635) ~[spring-beans-6.2.10.jar!/:6.2.10]
	at org.springframework.beans.factory.support.ConstructorResolver.resolveAutowiredArgument(ConstructorResolver.java:913) ~[spring-beans-6.2.10.jar!/:6.2.10]
	at org.springframework.beans.factory.support.ConstructorResolver.createArgumentArray(ConstructorResolver.java:791) ~[spring-beans-6.2.10.jar!/:6.2.10]
	at org.springframework.beans.factory.support.ConstructorResolver.autowireConstructor(ConstructorResolver.java:240) ~[spring-beans-6.2.10.jar!/:6.2.10]
	at org.springframework.beans.factory.support.AbstractAutowireCapableBeanFactory.autowireConstructor(AbstractAutowireCapableBeanFactory.java:1395) ~[spring-beans-6.2.10.jar!/:6.2.10]
	at org.springframework.beans.factory.support.AbstractAutowireCapableBeanFactory.createBeanInstance(AbstractAutowireCapableBeanFactory.java:1232) ~[spring-beans-6.2.10.jar!/:6.2.10]
	at org.springframework.beans.factory.support.AbstractAutowireCapableBeanFactory.doCreateBean(AbstractAutowireCapableBeanFactory.java:569) ~[spring-beans-6.2.10.jar!/:6.2.10]
	at org.springframework.beans.factory.support.AbstractAutowireCapableBeanFactory.createBean(AbstractAutowireCapableBeanFactory.java:529) ~[spring-beans-6.2.10.jar!/:6.2.10]
	at org.springframework.beans.factory.support.AbstractBeanFactory.lambda$doGetBean$0(AbstractBeanFactory.java:339) ~[spring-beans-6.2.10.jar!/:6.2.10]
	at org.springframework.beans.factory.support.DefaultSingletonBeanRegistry.getSingleton(DefaultSingletonBeanRegistry.java:373) ~[spring-beans-6.2.10.jar!/:6.2.10]
	at org.springframework.beans.factory.support.AbstractBeanFactory.doGetBean(AbstractBeanFactory.java:337) ~[spring-beans-6.2.10.jar!/:6.2.10]
	at org.springframework.beans.factory.support.AbstractBeanFactory.getBean(AbstractBeanFactory.java:202) ~[spring-beans-6.2.10.jar!/:6.2.10]
	at org.springframework.beans.factory.support.DefaultListableBeanFactory.doResolveDependency(DefaultListableBeanFactory.java:1690) ~[spring-beans-6.2.10.jar!/:6.2.10]
	at org.springframework.beans.factory.support.DefaultListableBeanFactory.resolveDependency(DefaultListableBeanFactory.java:1635) ~[spring-beans-6.2.10.jar!/:6.2.10]
	at org.springframework.beans.factory.support.ConstructorResolver.resolveAutowiredArgument(ConstructorResolver.java:913) ~[spring-beans-6.2.10.jar!/:6.2.10]
	at org.springframework.beans.factory.support.ConstructorResolver.createArgumentArray(ConstructorResolver.java:791) ~[spring-beans-6.2.10.jar!/:6.2.10]
	at org.springframework.beans.factory.support.ConstructorResolver.autowireConstructor(ConstructorResolver.java:240) ~[spring-beans-6.2.10.jar!/:6.2.10]
	at org.springframework.beans.factory.support.AbstractAutowireCapableBeanFactory.autowireConstructor(AbstractAutowireCapableBeanFactory.java:1395) ~[spring-beans-6.2.10.jar!/:6.2.10]
	at org.springframework.beans.factory.support.AbstractAutowireCapableBeanFactory.createBeanInstance(AbstractAutowireCapableBeanFactory.java:1232) ~[spring-beans-6.2.10.jar!/:6.2.10]
	at org.springframework.beans.factory.support.AbstractAutowireCapableBeanFactory.doCreateBean(AbstractAutowireCapableBeanFactory.java:569) ~[spring-beans-6.2.10.jar!/:6.2.10]
	at org.springframework.beans.factory.support.AbstractAutowireCapableBeanFactory.createBean(AbstractAutowireCapableBeanFactory.java:529) ~[spring-beans-6.2.10.jar!/:6.2.10]
	at org.springframework.beans.factory.support.AbstractBeanFactory.lambda$doGetBean$0(AbstractBeanFactory.java:339) ~[spring-beans-6.2.10.jar!/:6.2.10]
	at org.springframework.beans.factory.support.DefaultSingletonBeanRegistry.getSingleton(DefaultSingletonBeanRegistry.java:373) ~[spring-beans-6.2.10.jar!/:6.2.10]
	at org.springframework.beans.factory.support.AbstractBeanFactory.doGetBean(AbstractBeanFactory.java:337) ~[spring-beans-6.2.10.jar!/:6.2.10]
	at org.springframework.beans.factory.support.AbstractBeanFactory.getBean(AbstractBeanFactory.java:207) ~[spring-beans-6.2.10.jar!/:6.2.10]
	at org.springframework.boot.web.servlet.ServletContextInitializerBeans.getOrderedBeansOfType(ServletContextInitializerBeans.java:230) ~[spring-boot-3.5.5.jar!/:3.5.5]
	at org.springframework.boot.web.servlet.ServletContextInitializerBeans.addAsRegistrationBean(ServletContextInitializerBeans.java:184) ~[spring-boot-3.5.5.jar!/:3.5.5]
	at org.springframework.boot.web.servlet.ServletContextInitializerBeans.addAsRegistrationBean(ServletContextInitializerBeans.java:179) ~[spring-boot-3.5.5.jar!/:3.5.5]
	at org.springframework.boot.web.servlet.ServletContextInitializerBeans.addAdaptableBeans(ServletContextInitializerBeans.java:164) ~[spring-boot-3.5.5.jar!/:3.5.5]
	at org.springframework.boot.web.servlet.ServletContextInitializerBeans.<init>(ServletContextInitializerBeans.java:96) ~[spring-boot-3.5.5.jar!/:3.5.5]
	at org.springframework.boot.web.servlet.context.ServletWebServerApplicationContext.getServletContextInitializerBeans(ServletWebServerApplicationContext.java:271) ~[spring-boot-3.5.5.jar!/:3.5.5]
	at org.springframework.boot.web.servlet.context.ServletWebServerApplicationContext.selfInitialize(ServletWebServerApplicationContext.java:245) ~[spring-boot-3.5.5.jar!/:3.5.5]
	at org.springframework.boot.web.embedded.tomcat.TomcatStarter.onStartup(TomcatStarter.java:52) ~[spring-boot-3.5.5.jar!/:3.5.5]
	at org.apache.catalina.core.StandardContext.startInternal(StandardContext.java:4464) ~[tomcat-embed-core-10.1.44.jar!/:na]
	at org.apache.catalina.util.LifecycleBase.start(LifecycleBase.java:164) ~[tomcat-embed-core-10.1.44.jar!/:na]
	at org.apache.catalina.core.ContainerBase$StartChild.call(ContainerBase.java:1203) ~[tomcat-embed-core-10.1.44.jar!/:na]
	at org.apache.catalina.core.ContainerBase$StartChild.call(ContainerBase.java:1193) ~[tomcat-embed-core-10.1.44.jar!/:na]
	at java.base/java.util.concurrent.FutureTask.run(FutureTask.java:317) ~[na:na]
	at org.apache.tomcat.util.threads.InlineExecutorService.execute(InlineExecutorService.java:75) ~[tomcat-embed-core-10.1.44.jar!/:na]
	at java.base/java.util.concurrent.AbstractExecutorService.submit(AbstractExecutorService.java:145) ~[na:na]
	at org.apache.catalina.core.ContainerBase.startInternal(ContainerBase.java:749) ~[tomcat-embed-core-10.1.44.jar!/:na]
	at org.apache.catalina.core.StandardHost.startInternal(StandardHost.java:772) ~[tomcat-embed-core-10.1.44.jar!/:na]
	at org.apache.catalina.util.LifecycleBase.start(LifecycleBase.java:164) ~[tomcat-embed-core-10.1.44.jar!/:na]
	at org.apache.catalina.core.ContainerBase$StartChild.call(ContainerBase.java:1203) ~[tomcat-embed-core-10.1.44.jar!/:na]
	at org.apache.catalina.core.ContainerBase$StartChild.call(ContainerBase.java:1193) ~[tomcat-embed-core-10.1.44.jar!/:na]
	at java.base/java.util.concurrent.FutureTask.run(FutureTask.java:317) ~[na:na]
	at org.apache.tomcat.util.threads.InlineExecutorService.execute(InlineExecutorService.java:75) ~[tomcat-embed-core-10.1.44.jar!/:na]
	at java.base/java.util.concurrent.AbstractExecutorService.submit(AbstractExecutorService.java:145) ~[na:na]
	at org.apache.catalina.core.ContainerBase.startInternal(ContainerBase.java:749) ~[tomcat-embed-core-10.1.44.jar!/:na]
	at org.apache.catalina.core.StandardEngine.startInternal(StandardEngine.java:203) ~[tomcat-embed-core-10.1.44.jar!/:na]
	at org.apache.catalina.util.LifecycleBase.start(LifecycleBase.java:164) ~[tomcat-embed-core-10.1.44.jar!/:na]
	at org.apache.catalina.core.StandardService.startInternal(StandardService.java:412) ~[tomcat-embed-core-10.1.44.jar!/:na]
	at org.apache.catalina.util.LifecycleBase.start(LifecycleBase.java:164) ~[tomcat-embed-core-10.1.44.jar!/:na]
	at org.apache.catalina.core.StandardServer.startInternal(StandardServer.java:870) ~[tomcat-embed-core-10.1.44.jar!/:na]
	at org.apache.catalina.util.LifecycleBase.start(LifecycleBase.java:164) ~[tomcat-embed-core-10.1.44.jar!/:na]
	at org.apache.catalina.startup.Tomcat.start(Tomcat.java:438) ~[tomcat-embed-core-10.1.44.jar!/:na]
	at org.springframework.boot.web.embedded.tomcat.TomcatWebServer.initialize(TomcatWebServer.java:128) ~[spring-boot-3.5.5.jar!/:3.5.5]
	at org.springframework.boot.web.embedded.tomcat.TomcatWebServer.<init>(TomcatWebServer.java:107) ~[spring-boot-3.5.5.jar!/:3.5.5]
	at org.springframework.boot.web.embedded.tomcat.TomcatServletWebServerFactory.getTomcatWebServer(TomcatServletWebServerFactory.java:517) ~[spring-boot-3.5.5.jar!/:3.5.5]
	at org.springframework.boot.web.embedded.tomcat.TomcatServletWebServerFactory.getWebServer(TomcatServletWebServerFactory.java:219) ~[spring-boot-3.5.5.jar!/:3.5.5]
	at org.springframework.boot.web.servlet.context.ServletWebServerApplicationContext.createWebServer(ServletWebServerApplicationContext.java:193) ~[spring-boot-3.5.5.jar!/:3.5.5]
	at org.springframework.boot.web.servlet.context.ServletWebServerApplicationContext.onRefresh(ServletWebServerApplicationContext.java:167) ~[spring-boot-3.5.5.jar!/:3.5.5]
	at org.springframework.context.support.AbstractApplicationContext.refresh(AbstractApplicationContext.java:621) ~[spring-context-6.2.10.jar!/:6.2.10]
	at org.springframework.boot.web.servlet.context.ServletWebServerApplicationContext.refresh(ServletWebServerApplicationContext.java:146) ~[spring-boot-3.5.5.jar!/:3.5.5]
	at org.springframework.boot.SpringApplication.refresh(SpringApplication.java:752) ~[spring-boot-3.5.5.jar!/:3.5.5]
	at org.springframework.boot.SpringApplication.refreshContext(SpringApplication.java:439) ~[spring-boot-3.5.5.jar!/:3.5.5]
	at org.springframework.boot.SpringApplication.run(SpringApplication.java:318) ~[spring-boot-3.5.5.jar!/:3.5.5]
	at org.springframework.boot.SpringApplication.run(SpringApplication.java:1361) ~[spring-boot-3.5.5.jar!/:3.5.5]
	at org.springframework.boot.SpringApplication.run(SpringApplication.java:1350) ~[spring-boot-3.5.5.jar!/:3.5.5]
	at com.Auth.AuthService.AuthServiceApplication.main(AuthServiceApplication.java:10) ~[!/:0.0.1-SNAPSHOT]
	at java.base/jdk.internal.reflect.DirectMethodHandleAccessor.invoke(DirectMethodHandleAccessor.java:103) ~[na:na]
	at java.base/java.lang.reflect.Method.invoke(Method.java:580) ~[na:na]
	at org.springframework.boot.loader.launch.Launcher.launch(Launcher.java:102) ~[AuthService-0.0.1-SNAPSHOT.jar:0.0.1-SNAPSHOT]
	at org.springframework.boot.loader.launch.Launcher.launch(Launcher.java:64) ~[AuthService-0.0.1-SNAPSHOT.jar:0.0.1-SNAPSHOT]
	at org.springframework.boot.loader.launch.JarLauncher.main(JarLauncher.java:40) ~[AuthService-0.0.1-SNAPSHOT.jar:0.0.1-SNAPSHOT]
Caused by: org.postgresql.util.PSQLException: This connection has been closed.
	at org.postgresql.jdbc.PgConnection.checkClosed(PgConnection.java:1012) ~[postgresql-42.7.7.jar!/:42.7.7]
	at org.postgresql.jdbc.PgConnection.getAutoCommit(PgConnection.java:972) ~[postgresql-42.7.7.jar!/:42.7.7]
	at org.postgresql.jdbc.PgStatement.executeInternal(PgStatement.java:479) ~[postgresql-42.7.7.jar!/:42.7.7]
	at org.postgresql.jdbc.PgStatement.execute(PgStatement.java:435) ~[postgresql-42.7.7.jar!/:42.7.7]
	at org.postgresql.jdbc.PgStatement.executeWithFlags(PgStatement.java:357) ~[postgresql-42.7.7.jar!/:42.7.7]
	at org.postgresql.jdbc.PgStatement.executeCachedSql(PgStatement.java:342) ~[postgresql-42.7.7.jar!/:42.7.7]
	at org.postgresql.jdbc.PgStatement.executeWithFlags(PgStatement.java:318) ~[postgresql-42.7.7.jar!/:42.7.7]
	at org.postgresql.jdbc.PgStatement.execute(PgStatement.java:313) ~[postgresql-42.7.7.jar!/:42.7.7]
	at com.zaxxer.hikari.pool.ProxyStatement.execute(ProxyStatement.java:95) ~[HikariCP-6.3.2.jar!/:na]
	at com.zaxxer.hikari.pool.HikariProxyStatement.execute(HikariProxyStatement.java) ~[HikariCP-6.3.2.jar!/:na]
	at org.hibernate.tool.schema.internal.exec.GenerationTargetToDatabase.accept(GenerationTargetToDatabase.java:80) ~[hibernate-core-6.6.26.Final.jar!/:6.6.26.Final]
	... 127 common frames omitted

2025-11-05T13:34:59.653+05:30  INFO 40715 --- [           main] j.LocalContainerEntityManagerFactoryBean : Initialized JPA EntityManagerFactory for persistence unit 'default'
2025-11-05T13:35:00.230+05:30  INFO 40715 --- [           main] eAuthenticationProviderManagerConfigurer : Global AuthenticationManager configured with AuthenticationProvider bean with name authenticationProvider
2025-11-05T13:35:00.231+05:30  WARN 40715 --- [           main] r$InitializeUserDetailsManagerConfigurer : Global AuthenticationManager configured with an AuthenticationProvider bean. UserDetailsService beans will not be used by Spring Security for automatically configuring username/password login. Consider removing the AuthenticationProvider bean. Alternatively, consider using the UserDetailsService in a manually instantiated DaoAuthenticationProvider. If the current configuration is intentional, to turn off this warning, increase the logging level of 'org.springframework.security.config.annotation.authentication.configuration.InitializeUserDetailsBeanManagerConfigurer' to ERROR
2025-11-05T13:35:00.280+05:30  WARN 40715 --- [           main] JpaBaseConfiguration$JpaWebConfiguration : spring.jpa.open-in-view is enabled by default. Therefore, database queries may be performed during view rendering. Explicitly configure spring.jpa.open-in-view to disable this warning
2025-11-05T13:35:01.057+05:30  INFO 40715 --- [           main] o.s.b.w.embedded.tomcat.TomcatWebServer  : Tomcat started on port 8080 (http) with context path '/'
2025-11-05T13:35:01.070+05:30  INFO 40715 --- [           main] c.A.AuthService.AuthServiceApplication   : Started AuthServiceApplication in 6.136 seconds (process running for 6.924)
2025-11-05T13:35:19.499+05:30  INFO 40715 --- [nio-8080-exec-1] o.a.c.c.C.[Tomcat].[localhost].[/]       : Initializing Spring DispatcherServlet 'dispatcherServlet'
2025-11-05T13:35:19.499+05:30  INFO 40715 --- [nio-8080-exec-1] o.s.web.servlet.DispatcherServlet        : Initializing Servlet 'dispatcherServlet'
2025-11-05T13:35:19.500+05:30  INFO 40715 --- [nio-8080-exec-1] o.s.web.servlet.DispatcherServlet        : Completed initialization in 1 ms
Hibernate: 
    select
        u1_0.id,
        u1_0.created_at,
        u1_0.email,
        u1_0.failed_login_attempts,
        u1_0.first_name,
        u1_0.is_active,
        u1_0.is_email_verified,
        u1_0.is_locked,
        u1_0.last_login,
        u1_0.last_name,
        u1_0.locked_until,
        u1_0.password,
        u1_0.phone_number,
        u1_0.role,
        u1_0.role_id,
        u1_0.updated_at,
        u1_0.username 
    from
        users u1_0 
    where
        u1_0.id=?
Hibernate: 
    select
        u1_0.id,
        u1_0.created_at,
        u1_0.email,
        u1_0.failed_login_attempts,
        u1_0.first_name,
        u1_0.is_active,
        u1_0.is_email_verified,
        u1_0.is_locked,
        u1_0.last_login,
        u1_0.last_name,
        u1_0.locked_until,
        u1_0.password,
        u1_0.phone_number,
        u1_0.role,
        u1_0.role_id,
        u1_0.updated_at,
        u1_0.username 
    from
        users u1_0 
    where
        u1_0.id=?
Hibernate: 
    select
        u1_0.id,
        u1_0.created_at,
        u1_0.email,
        u1_0.failed_login_attempts,
        u1_0.first_name,
        u1_0.is_active,
        u1_0.is_email_verified,
        u1_0.is_locked,
        u1_0.last_login,
        u1_0.last_name,
        u1_0.locked_until,
        u1_0.password,
        u1_0.phone_number,
        u1_0.role,
        u1_0.role_id,
        u1_0.updated_at,
        u1_0.username 
    from
        users u1_0 
    where
        u1_0.id=?
2025-11-05T13:40:56.090+05:30  INFO 40715 --- [ionShutdownHook] o.s.b.w.e.tomcat.GracefulShutdown        : Commencing graceful shutdown. Waiting for active requests to complete
2025-11-05T13:40:56.102+05:30  INFO 40715 --- [tomcat-shutdown] o.s.b.w.e.tomcat.GracefulShutdown        : Graceful shutdown complete
2025-11-05T13:40:56.114+05:30  INFO 40715 --- [ionShutdownHook] j.LocalContainerEntityManagerFactoryBean : Closing JPA EntityManagerFactory for persistence unit 'default'
2025-11-05T13:40:56.123+05:30  INFO 40715 --- [ionShutdownHook] com.zaxxer.hikari.HikariDataSource       : HikariPool-1 - Shutdown initiated...
2025-11-05T13:40:56.130+05:30  INFO 40715 --- [ionShutdownHook] com.zaxxer.hikari.HikariDataSource       : HikariPool-1 - Shutdown completed.
